epoch,sample_nr,MAP,MRR@10,RFR,NDCG@10
-1,1,0.8809523809523808,1.0,1,0.8006937664098821
-1,2,0.7321428571428572,1.0,1,0.8899603164338974
-1,3,0.9172278338945006,1.0,1,0.8475028682434302
-1,4,0.7523670286828181,1.0,1,0.7925470969267799
-1,5,0.594047619047619,0.3333333333333333,3,0.7028046245779905
-1,6,0.8293040293040294,1.0,1,0.8627545507313896
-1,7,0.7302521008403362,1.0,1,0.7715359168226731
-1,8,0.6097513597513597,1.0,1,0.5842273861585908
-1,9,0.8922863247863247,1.0,1,0.8603818544462509
-1,10,0.8527243589743589,1.0,1,0.8255857570917466
-1,11,0.8917233560090703,1.0,1,0.965210243419242
-1,12,0.7791666666666667,1.0,1,0.8363700718155497
-1,13,0.7477398040555935,1.0,1,0.7385567757549499
-1,14,0.6301587301587301,1.0,1,0.8308842371584717
-1,15,0.875,1.0,1,0.8358912271816661
-1,16,0.6984126984126984,1.0,1,0.8603443310417204
-1,17,0.6433333333333333,0.5,2,0.7588790805577408
-1,18,0.7116666666666667,1.0,1,0.8677498204895242
-1,19,0.7035489458941471,1.0,1,0.7314470771099788
-1,20,0.8668650793650794,1.0,1,0.8874123095371794
-1,21,0.897159090909091,1.0,1,0.8987025955356565
-1,22,0.7619047619047619,1.0,1,0.817692920012317
-1,23,0.8291161616161615,1.0,1,0.7753366239771086
-1,24,0.6111111111111112,1.0,1,0.7977228895450265
-1,25,0.7542199467199466,1.0,1,0.7353797772725615
-1,26,0.5914202117327118,1.0,1,0.5673656574390139
-1,27,0.7570292207792206,1.0,1,0.6987957033953601
-1,28,0.5833333333333334,1.0,1,0.6131471927654585
-1,29,0.8066969522851877,1.0,1,0.8117214645716768
-1,30,0.7271167721167721,0.5,2,0.6468562235661908
-1,31,0.8980555555555555,1.0,1,0.8603818544462509
-1,32,0.7182467532467532,1.0,1,0.7510916729774054
-1,33,0.8073717948717948,1.0,1,0.7695261902392829
-1,34,0.9797979797979799,1.0,1,0.9292442392789195
-1,35,0.6057142857142856,1.0,1,0.7294870343865365
-1,36,0.9064610389610389,1.0,1,0.8553475075669357
-1,37,0.5694444444444444,0.5,2,0.6608850241063913
-1,38,0.4242424242424242,0.5,2,0.49818925746641274
-1,39,0.7449253034547152,1.0,1,0.7538142945344393
-1,40,0.8480122655122654,1.0,1,0.8611375561264455
-1,41,0.8,1.0,1,0.8576502177322107
-1,42,0.8142957042957042,1.0,1,0.7058075148678526
-1,43,0.6795935545935545,1.0,1,0.7149394488115767
-1,44,0.7386679935131947,1.0,1,0.7538142945344393
-1,45,0.7708730158730158,1.0,1,0.8200685179888283
-1,46,0.8041666666666667,1.0,1,0.9047172294870753
-1,47,0.6011904761904763,0.5,2,0.6138753702448354
-1,48,0.911024531024531,1.0,1,0.8572048559638626
-1,49,0.6659371184371184,0.5,2,0.6214990811334173
-1,50,0.8119476275358627,1.0,1,0.7682269253321374
-1,51,0.6312633689839572,1.0,1,0.5388856921828065
-1,52,0.8267857142857142,1.0,1,0.8815140373113171
-1,53,0.6666666666666666,1.0,1,0.8315546295836228
-1,54,0.7896613190730839,1.0,1,0.7565748376244514
-1,55,0.6708891108891109,1.0,1,0.6180396628416764
-1,56,0.8055555555555556,1.0,1,0.9060254355346823
-1,57,0.7589285714285714,1.0,1,0.8048099750039491
-1,58,0.6119310754604872,1.0,1,0.5599332595218056
-1,59,0.9625,1.0,1,0.9363792118010483
-1,60,0.6442424242424243,1.0,1,0.74693851779003
-1,61,0.7745526695526695,1.0,1,0.756902106715231
-1,62,0.8539213564213564,1.0,1,0.8389574121760602
-1,63,0.7146330956625073,1.0,1,0.6804503724350792
-1,64,0.6166666666666667,1.0,1,0.7365447429771823
-1,65,0.8041666666666667,1.0,1,0.9047172294870753
-1,66,0.45238095238095233,0.3333333333333333,3,0.6337342724360074
-1,67,0.9809090909090908,1.0,1,0.933745776545611
-1,68,0.778044733044733,1.0,1,0.750637296052051
-1,69,0.740909090909091,1.0,1,0.787702056960637
-1,70,0.885,1.0,1,0.9609247825245574
-1,71,0.7888888888888888,1.0,1,0.9228632535992203
-1,72,0.9266666666666665,1.0,1,0.9747429528567878
-1,73,0.9166666666666667,1.0,1,0.892210845475489
-1,74,0.5505647049029402,1.0,1,0.4518648409659427
-1,75,0.678992673992674,1.0,1,0.6848374495230164
-1,76,0.8005952380952381,1.0,1,0.8623312528041956
-1,77,0.6571428571428571,1.0,1,0.7731930041332796
-1,78,0.6817936148818502,1.0,1,0.6949410105562137
-1,79,0.7308225108225107,1.0,1,0.7385567757549499
-1,80,0.4916100387591616,1.0,1,0.46367483941983406
-1,81,0.6764525670408024,0.5,2,0.5716349530699038
-1,82,0.8028490028490027,1.0,1,0.8529794827885764
-1,83,0.8234371184371183,1.0,1,0.7682269253321374
-1,84,0.5547416390798744,0.5,2,0.5152880109744814
-1,85,0.8987698412698412,1.0,1,0.9052116356304493
-1,86,0.8195906432748538,1.0,1,0.793584067764911
-1,87,0.9216200466200468,1.0,1,0.8508957228074243
-1,88,0.8440384615384614,1.0,1,0.7859162856301584
-1,89,0.6994122544122544,0.5,2,0.6285108926059099
-1,90,0.861015087853323,1.0,1,0.791726719367984
-1,91,0.8115147271029624,1.0,1,0.8200685179888283
-1,92,0.7641575091575091,1.0,1,0.6987957033953601
-1,93,0.6614583333333333,1.0,1,0.7788855163966828
-1,94,0.7074999999999999,1.0,1,0.7314470771099788
-1,95,0.888888888888889,1.0,1,0.8829374068620365
-1,96,0.8779365079365079,1.0,1,0.9052116356304493
-1,97,0.8,1.0,1,0.843537875344446
-1,98,0.9264285714285713,1.0,1,0.8643145546088338
-1,99,0.6739624183006535,1.0,1,0.604685538711841
-1,100,0.6471607997265891,1.0,1,0.6313419460517601
-1,101,0.8573291904174257,1.0,1,0.7849818707050383
-1,102,0.8305984211866565,1.0,1,0.7791714369672127
-1,103,0.7207656926406927,1.0,1,0.7506354880634314
-1,104,1.0,1.0,1,1.0
-1,105,0.7660298473456368,1.0,1,0.706583601726363
-1,106,0.870984753550543,1.0,1,0.8579809428223729
-1,107,0.812012987012987,1.0,1,0.7655934900767002
-1,108,0.7102640415140415,1.0,1,0.7608284603239704
-1,109,0.7961904761904761,1.0,1,0.9182162519778518
-1,110,0.9283119658119657,1.0,1,0.8630152897016883
-1,111,0.915079365079365,1.0,1,0.9705437052559006
-1,112,0.8921717171717171,1.0,1,0.793584067764911
-1,113,0.6626373626373627,1.0,1,0.7731930041332796
-1,114,0.8875,1.0,1,0.9558295932317544
-1,115,0.7583333333333333,1.0,1,0.8363700718155497
-1,116,0.79422035480859,1.0,1,0.8165901947515998
-1,117,0.765103785103785,1.0,1,0.7241528458281337
-1,118,0.8307571513453866,1.0,1,0.772837825180752
-1,119,0.8566991341991341,1.0,1,0.8236998933965709
-1,120,0.9031746031746032,1.0,1,0.866947989864271
-1,121,0.8739958570840923,1.0,1,0.791726719367984
-1,122,0.835,1.0,1,0.9374130297304557
-1,123,0.7853968253968253,1.0,1,0.8165901947515998
-1,124,0.7277777777777779,1.0,1,0.8777173555755364
-1,125,0.5833333333333334,1.0,1,0.6131471927654585
-1,126,0.8167748917748917,1.0,1,0.7695261902392829
-1,127,0.4666666666666667,1.0,1,0.6825414374179827
-1,128,0.8739958570840923,1.0,1,0.791726719367984
-1,129,0.8422619047619048,1.0,1,0.8706086854269928
-1,130,0.25,0.3333333333333333,3,0.30657359638272924
-1,131,0.5875,1.0,1,0.7237820654170266
-1,132,0.9087301587301586,1.0,1,0.9714977244644463
-1,133,0.9761904761904762,1.0,1,0.9930783166417602
-1,134,0.9451515151515152,1.0,1,0.8643145546088338
-1,135,0.8482142857142857,1.0,1,0.8760157235037966
-1,136,0.7081650212532565,1.0,1,0.6651928536555898
-1,137,0.5793697478991597,0.5,2,0.5399873388995391
-1,138,0.8138634513634515,1.0,1,0.7641675933748661
-1,139,0.9558119658119658,1.0,1,0.9305687780632227
-1,140,0.5185897435897435,1.0,1,0.5922216874835864
-1,141,0.7152777777777778,1.0,1,0.8712137160156971
-1,142,0.9415178571428572,1.0,1,0.9830168297915423
-1,143,0.8138528138528138,1.0,1,0.7751482523375255
-1,144,0.6876373626373626,1.0,1,0.7346926481366479
-1,145,0.4797979797979798,0.5,2,0.5829633123996397
-1,146,0.951923076923077,1.0,1,0.8701249883466594
-1,147,0.8693578643578643,1.0,1,0.8364586133797036
-1,148,0.8661643911643911,1.0,1,0.7846170207230129
-1,149,0.9102564102564104,1.0,1,0.892210845475489
-1,150,0.8181488264821597,1.0,1,0.8517027694298509
-1,151,0.9525,1.0,1,0.933745776545611
-1,152,0.6852272727272728,0.5,2,0.6281460426238843
-1,153,0.9065508021390374,1.0,1,0.8006937664098821
-1,154,0.6602564102564104,1.0,1,0.7618017901203945
-1,155,0.8782142857142857,1.0,1,0.84860265890399
-1,156,0.8684523809523809,1.0,1,0.7967610662472993
-1,157,0.885,1.0,1,0.9609247825245574
-1,158,1.0,1.0,1,1.0
-1,159,0.81,1.0,1,0.9284591831945489
-1,160,0.8117704517704516,1.0,1,0.8165901947515998
-1,161,0.9377124183006537,1.0,1,0.9305687780632227
-1,162,0.8405666555666556,1.0,1,0.8205228949141826
-1,163,0.5133333333333334,1.0,1,0.5911765854854523
-1,164,0.5537745098039216,0.3333333333333333,3,0.5040610795300535
-1,165,1.0,1.0,1,1.0
-1,166,0.9909090909090909,1.0,1,0.9363792118010483
-1,167,0.7948291904174256,1.0,1,0.7542686714597936
-1,168,0.5518577694235588,0.3333333333333333,3,0.5559026721867443
-1,169,0.9338235294117646,1.0,1,0.8701249883466594
-1,170,0.7042603668261562,1.0,1,0.6168295842361275
-1,171,0.8157069757727652,1.0,1,0.835780413693672
-1,172,0.9288888888888888,1.0,1,0.9266360779006398
-1,173,0.7059404024767801,1.0,1,0.6332196796270029
-1,174,0.95,1.0,1,0.9828920819566879
-1,175,0.6866666666666666,1.0,1,0.7913446798877494
-1,176,0.6753742784992784,1.0,1,0.6855770453286434
-1,177,0.7308730158730159,1.0,1,0.7951657524814092
-1,178,0.7803571428571427,1.0,1,0.7908387778091585
-1,179,0.7644444444444445,1.0,1,0.9072602453428913
-1,180,0.9305555555555556,1.0,1,0.9202054614375519
-1,181,0.816693722943723,1.0,1,0.7380396325465057
-1,182,0.800913900913901,1.0,1,0.8088412634217225
-1,183,0.8629365079365079,1.0,1,0.8415908474314976
-1,184,0.6603174603174603,1.0,1,0.7760551678305495
-1,185,0.6783333333333332,1.0,1,0.8442380676954225
-1,186,0.9166666666666667,1.0,1,0.892210845475489
-1,187,0.9484848484848484,1.0,1,0.8701249883466594
-1,188,0.8441043083900226,1.0,1,0.9447403758138471
-1,189,0.8374544817927171,1.0,1,0.7859162856301584
-1,190,0.9540404040404039,1.0,1,0.866947989864271
-1,191,0.7592463092463092,1.0,1,0.7783633190900432
-1,192,0.72,1.0,1,0.8051628502199798
-1,193,0.6521464646464646,1.0,1,0.6920165406831018
-1,194,0.6711640211640211,1.0,1,0.7932723085919883
-1,195,0.7998075998076,1.0,1,0.7538670157815447
-1,196,0.8445378151260503,1.0,1,0.8104616303452685
-1,197,0.699702380952381,1.0,1,0.7870564099351851
-1,198,0.7988095238095236,1.0,1,0.8615386871893455
-1,199,0.8379761904761903,1.0,1,0.8236998933965709
-1,200,0.8645959595959595,1.0,1,0.8482378089219645
-1,201,0.9242424242424243,1.0,1,0.892210845475489
-1,202,0.7418803418803419,1.0,1,0.7526136409516658
-1,203,0.6833241758241757,1.0,1,0.7026305163854644
-1,204,0.8444444444444443,1.0,1,0.9456352704673575
-1,205,0.8064935064935064,1.0,1,0.7899917627398736
-1,206,0.8615961199294533,1.0,1,0.8824772252927573
-1,207,0.795569153069153,1.0,1,0.7529694065526481
-1,208,0.5380952380952382,1.0,1,0.6060398578158168
-1,209,0.9682539682539681,1.0,1,0.9911205770005563
-1,210,0.915079365079365,1.0,1,0.9705437052559006
-1,211,0.9123376623376624,1.0,1,0.8971754588393883
-1,212,0.9169431875314228,1.0,1,0.866947989864271
-1,213,0.7546245421245421,1.0,1,0.7709363892380909
-1,214,0.3666666666666667,0.3333333333333333,3,0.5437713091520254
-1,215,0.6111111111111112,1.0,1,0.7977228895450265
-1,216,0.7869230769230768,1.0,1,0.8304198973631919
-1,217,0.37296703296703293,0.5,2,0.44323062807822633
-1,218,0.8884967320261438,1.0,1,0.8643145546088338
-1,219,0.7928571428571429,1.0,1,0.8536824105434109
-1,220,1.0,1.0,1,1.0
-1,221,0.7336309523809523,1.0,1,0.8197765548215812
-1,222,0.8127884615384614,1.0,1,0.7819835854675755
-1,223,0.8714285714285714,1.0,1,0.8687949224876582
-1,224,0.7847222222222222,1.0,1,0.7751482523375255
-1,225,0.5447530165912519,0.3333333333333333,3,0.43780685607566455
-1,226,0.6997979797979798,1.0,1,0.786448942643397
-1,227,0.7267857142857144,1.0,1,0.7645921559984157
-1,228,0.7342424242424244,1.0,1,0.7860137352654725
-1,229,0.9018939393939392,1.0,1,0.7967610662472993
-1,230,0.8001340707223061,1.0,1,0.7609655944414468
-1,231,0.48153846153846147,0.5,2,0.5147714448836774
-1,232,0.7547619047619047,1.0,1,0.8200261225503443
-1,233,0.8341666666666666,1.0,1,0.7753366239771086
-1,234,0.8412698412698414,1.0,1,0.944573515341395
-1,235,0.5453968253968253,0.5,2,0.7064104889703594
-1,236,0.6342424242424243,0.5,2,0.6608397947263839
-1,237,0.7957992624659291,1.0,1,0.7987523112935638
-1,238,1.0000000000000002,1.0,1,1.0
-1,239,0.911024531024531,1.0,1,0.8572048559638626
-1,240,0.8355650522317191,1.0,1,0.8204228753162046
-1,241,0.9,1.0,1,0.892210845475489
-1,242,0.8125685425685426,1.0,1,0.7720617383222416
-1,243,0.8560606060606061,1.0,1,0.7849818707050383
-1,244,0.5999999999999999,1.0,1,0.737984671254123
-1,245,0.8070818070818071,1.0,1,0.8534811121179371
-1,246,0.7886904761904762,1.0,1,0.7751482523375255
-1,247,0.5588115588115588,1.0,1,0.6458634946379493
-1,248,0.7309833024118739,1.0,1,0.7568246800972068
-1,249,0.8833333333333334,1.0,1,0.9607686373130874
-1,250,0.9415178571428572,1.0,1,0.9830168297915423
-1,251,0.6541666666666667,0.5,2,0.6973975865011866
-1,252,1.0,1.0,1,1.0
-1,253,0.843452380952381,1.0,1,0.8815140373113171
-1,254,0.8954648526077098,1.0,1,0.9643632283499571
-1,255,0.9242424242424243,1.0,1,0.892210845475489
-1,256,0.8111111111111111,1.0,1,0.9318171001351272
-1,257,0.9133866133866132,1.0,1,0.8006937664098821
-1,258,0.807936507936508,1.0,1,0.866328050053126
-1,259,0.9338235294117646,1.0,1,0.8701249883466594
-1,260,0.9214285714285715,1.0,1,0.9766325382721557
-1,261,0.9266666666666665,1.0,1,0.9747429528567878
-1,262,0.39285714285714285,0.5,2,0.5912352048230278
-1,263,0.7997358197358196,1.0,1,0.7529694065526481
-1,264,0.8107142857142856,1.0,1,0.9292488239937616
-1,265,0.9502840909090909,1.0,1,0.9156857657441143
-1,266,0.7509259259259259,1.0,1,0.8320020419495402
-1,267,0.9714285714285714,1.0,1,0.9363792118010483
-1,268,0.7917748917748917,1.0,1,0.7573821447149965
-1,269,0.7254901960784312,1.0,1,0.7703689102037634
-1,270,0.951923076923077,1.0,1,0.8701249883466594
-1,271,0.7711640211640212,1.0,1,0.836784360816884
-1,272,0.6274170274170274,1.0,1,0.7485127361320908
-1,273,1.0,1.0,1,1.0
-1,274,0.6433333333333333,0.5,2,0.7588790805577408
-1,275,0.6765350877192982,1.0,1,0.6678262889110271
-1,276,0.7088888888888889,1.0,1,0.8844882284747541
-1,277,0.7650893550893549,1.0,1,0.6936634693435662
-1,278,0.7055555555555555,1.0,1,0.7316362001126298
-1,279,0.9809090909090908,1.0,1,0.933745776545611
-1,280,0.9583333333333334,1.0,1,0.9876712785649564
-1,281,0.8954648526077098,1.0,1,0.9643632283499571
-1,282,0.9674523007856342,1.0,1,0.9258513847149255
-1,283,0.8828362995029664,1.0,1,0.8349233540959465
-1,284,0.8343337334933973,1.0,1,0.8104616303452685
-1,285,0.659191685507475,1.0,1,0.5907272848394972
-1,286,0.891976911976912,1.0,1,0.8454256604216017
-1,287,0.6706179441473559,1.0,1,0.5473983622993502
-1,288,0.7543290043290044,1.0,1,0.7456919575934261
-1,289,0.6220071513453866,0.3333333333333333,3,0.5774250016294136
-1,290,0.18333333333333335,0.16666666666666666,6,0.3956467236022119
-1,291,0.6690785405071118,1.0,1,0.7257231946702912
-1,292,0.8857142857142857,1.0,1,0.9642409754030938
-1,293,0.9266666666666665,1.0,1,0.9747429528567878
-1,294,0.7909090909090908,1.0,1,0.8297197050122156
-1,295,0.6428571428571428,1.0,1,0.8175295903539447
-1,296,0.5555555555555556,0.5,2,0.6978817289434459
-1,297,0.8,1.0,1,0.9277589908435726
-1,298,0.9206845238095238,1.0,1,0.9752652438087496
-1,299,0.8964646464646465,1.0,1,0.8829374068620365
-1,300,0.6690476190476191,1.0,1,0.7731930041332796
-1,301,0.45,0.5,2,0.6240505200038378
-1,302,0.9325396825396826,1.0,1,0.9799214801447083
-1,303,0.9290262515262514,1.0,1,0.9216017310213245
-1,304,0.751031321619557,1.0,1,0.7715359168226731
-1,305,0.7667594310451453,1.0,1,0.8308928690816115
-1,306,0.915079365079365,1.0,1,0.9705437052559006
-1,307,0.8769230769230769,1.0,1,0.8687949224876582
-1,308,0.8412698412698414,1.0,1,0.944573515341395
-1,309,0.6671320346320346,0.5,2,0.6163668470816234
-1,310,1.0,1.0,1,1.0
-1,311,0.7909181096681097,1.0,1,0.7116179486056783
-1,312,0.44011266511266506,1.0,1,0.39806284658828084
-1,313,0.9263455988455987,1.0,1,0.914856882358379
-1,314,0.8642857142857143,1.0,1,0.8887517031591263
-1,315,0.7605383556931544,1.0,1,0.7682269253321374
-1,316,0.711111111111111,1.0,1,0.8058467414416308
-1,317,0.7559523809523809,1.0,1,0.8340595580073008
-1,318,0.7141254578754579,1.0,1,0.8045912687012579
-1,319,0.6833333333333333,1.0,1,0.7756199604526249
-1,320,0.548819073083779,0.5,2,0.5501553725136366
-1,321,0.6432539195697091,1.0,1,0.6133596113736138
-1,322,0.7946869488536157,1.0,1,0.8083286100076827
-1,323,1.0,1.0,1,1.0
-1,324,0.793452380952381,1.0,1,0.8053706965939336
-1,325,0.6163170163170164,1.0,1,0.6552438651310553
-1,326,0.8316161616161616,1.0,1,0.7791714369672127
-1,327,0.9332467532467531,1.0,1,0.8643145546088338
-1,328,0.9666666666666666,1.0,1,0.9896062251871525
-1,329,0.8491452991452992,1.0,1,0.8696762340896294
-1,330,0.8528571428571428,1.0,1,0.943473299121064
-1,331,0.5514285714285714,1.0,1,0.7088769888646927
-1,332,0.8523809523809524,1.0,1,0.8760157235037966
-1,333,0.8164021164021165,1.0,1,0.8191418410150437
-1,334,0.8444444444444443,1.0,1,0.9456352704673575
-1,335,0.9166666666666667,1.0,1,0.892210845475489
-1,336,0.5449999999999999,0.3333333333333333,3,0.6746579650586144
-1,337,0.8433333333333333,1.0,1,0.8539316501572936
-1,338,0.8515924888473909,1.0,1,0.8349233540959465
-1,339,0.8519147519147517,1.0,1,0.7222954974312067
-1,340,0.9290262515262514,1.0,1,0.9216017310213245
-1,341,0.7938311688311688,1.0,1,0.7973123008848118
-1,342,0.5682539682539682,0.5,2,0.646963850918051
-1,343,1.0,1.0,1,1.0
-1,344,0.3899725274725275,0.5,2,0.40871634619071334
-1,345,0.9444444444444444,1.0,1,0.9833032486989469
-1,346,0.8114558281224948,1.0,1,0.845497555063067
-1,347,0.8766666666666667,1.0,1,0.9512312000626861
-1,348,0.7163265306122448,1.0,1,0.8703926507944851
-1,349,0.8333333333333333,1.0,1,0.941577161175803
-1,350,0.9027777777777778,1.0,1,0.9120345678990496
-1,351,0.9102564102564104,1.0,1,0.892210845475489
-1,352,0.7242063492063491,1.0,1,0.8191079142140378
-1,353,0.4802641802641803,1.0,1,0.510757409860235
-1,354,0.45,0.5,2,0.6240505200038378
-1,355,0.6111111111111112,1.0,1,0.8126530453831329
-1,356,0.8142857142857143,1.0,1,0.869448842172641
-1,357,0.125,0.125,8,0.3154648767857289
-1,358,0.9484126984126984,1.0,1,0.9838048780283076
-1,359,0.6547619047619047,1.0,1,0.7618017901203945
-1,360,0.7825757575757575,1.0,1,0.8424833136875628
-1,361,0.8357142857142856,1.0,1,0.9372375429818208
-1,362,0.5547619047619047,0.5,2,0.6366278495813059
-1,363,0.8178571428571428,1.0,1,0.9099466049873366
-1,364,0.7682142857142856,1.0,1,0.750637296052051
-1,365,0.7333333333333334,1.0,1,0.787702056960637
-1,366,0.7892857142857141,1.0,1,0.9192613539759861
-1,367,0.8718650793650793,1.0,1,0.8415908474314976
-1,368,0.5944444444444444,0.5,2,0.7387252447042174
-1,369,0.6298701298701299,1.0,1,0.6661998717660158
-1,370,0.6547979797979798,1.0,1,0.7622369974983191
-1,371,0.9353174603174602,1.0,1,0.866947989864271
-1,372,0.8107142857142856,1.0,1,0.9292488239937616
-1,373,0.7435897435897436,1.0,1,0.7653606369886218
-1,374,0.8377777777777777,1.0,1,0.8318477135310891
-1,375,0.9761904761904762,1.0,1,0.9930783166417602
-1,376,0.5032967032967033,1.0,1,0.5087403079104242
-1,377,0.6665367965367965,1.0,1,0.6659485553357843
-1,378,0.8907142857142857,1.0,1,0.8553475075669357
-1,379,0.5833333333333333,0.5,2,0.6934264036172708
-1,380,0.7211640211640211,1.0,1,0.890017461306849
-1,381,0.9325396825396826,1.0,1,0.9799214801447083
-1,382,1.0000000000000002,1.0,1,1.0
-1,383,0.889848246991104,1.0,1,0.8936633189697702
-1,384,0.5084415584415585,1.0,1,0.5730249097309825
-1,385,0.7,1.0,1,0.8503449055347547
-1,386,0.9214285714285715,1.0,1,0.9766325382721557
-1,387,0.29166666666666663,0.25,4,0.4824755593907551
-1,388,0.5403138528138527,0.5,2,0.6253616908695548
-1,389,0.9526289682539683,1.0,1,0.9860433320650158
-1,390,0.7266666666666666,1.0,1,0.7860137352654725
-1,391,0.9999999999999999,1.0,1,1.0
-1,392,0.8273717948717948,1.0,1,0.7791714369672127
-1,393,0.7784371184371183,1.0,1,0.7877736340270853
-1,394,0.6245421245421245,1.0,1,0.7426050123677906
-1,395,0.7857142857142856,1.0,1,0.8357799744028239
-1,396,0.7861904761904761,1.0,1,0.8990671370233446
-1,397,0.5851190476190475,0.5,2,0.6812863377524698
-1,398,0.81,1.0,1,0.9284591831945489
-1,399,0.7087301587301587,1.0,1,0.8699594546339143
-1,400,0.8794580419580419,1.0,1,0.7967610662472993
-1,401,0.8872285122285124,1.0,1,0.8383162086599406
-1,402,0.81,1.0,1,0.9068250379649667
-1,403,0.8139455782312925,1.0,1,0.8631613611274367
-1,404,0.732936507936508,1.0,1,0.8803557259507812
-1,405,0.7753968253968253,1.0,1,0.9143656167316337
-1,406,0.7580197580197581,1.0,1,0.7664011030149637
-1,407,0.731111111111111,1.0,1,0.8934420750106609
-1,408,0.6687074829931973,0.5,2,0.7099567630410613
-1,409,0.8359068627450981,1.0,1,0.8255857570917466
-1,410,0.7253968253968255,1.0,1,0.8891085695884215
-1,411,0.5769230769230769,1.0,1,0.7144729184600214
-1,412,0.8690476190476191,1.0,1,0.8760157235037966
-1,413,0.8833333333333333,1.0,1,0.8687949224876582
-1,414,0.925,1.0,1,0.975788054854922
-1,415,0.6968253968253968,1.0,1,0.8752903992561911
-1,416,0.16666666666666666,0.16666666666666666,6,0.35620718710802235
-1,417,0.7592857142857143,1.0,1,0.9043980816456214
-1,418,0.8210678210678211,1.0,1,0.8534811121179371
-1,419,0.7496503496503497,1.0,1,0.7227265726449518
-1,420,0.9426315789473684,1.0,1,0.933745776545611
-1,421,0.947845804988662,1.0,1,0.9848330959553522
-1,422,0.39915584415584415,0.5,2,0.4521844746141332
-1,423,0.8617110177404295,1.0,1,0.8553475075669357
-1,424,0.8383761989644342,1.0,1,0.78180487222265
-1,425,0.81,1.0,1,0.9284591831945489
-1,426,0.9682539682539681,1.0,1,0.9911205770005563
-1,427,0.8333333333333333,1.0,1,0.9197207891481877
-1,428,0.8119352869352868,1.0,1,0.7778721720600672
-1,429,0.5697751322751323,0.5,2,0.6645057132284411
-1,430,0.4375124875124875,1.0,1,0.44615333764088
-1,431,0.8242424242424242,1.0,1,0.843537875344446
-1,432,0.32767857142857143,0.25,4,0.5342505553211183
-1,433,0.72,1.0,1,0.8893839657191063
-1,434,0.9404761904761905,1.0,1,0.9083745556952364
-1,435,0.5085470085470085,0.5,2,0.5547450991557723
-1,436,0.6000000000000001,1.0,1,0.8110722760144377
-1,437,0.8036921850079745,1.0,1,0.77523873680463
-1,438,0.3194444444444444,0.25,4,0.5173087569496826
-1,439,0.7833333333333332,1.0,1,0.9180654083817014
-1,440,0.5866666666666666,0.5,2,0.7336220334145287
-1,441,0.8541666666666666,1.0,1,0.9438661545147249
-1,442,0.3810606060606061,0.5,2,0.4417906998012856
-1,443,0.5,0.5,2,0.6509209298071323
-1,444,0.7295238095238095,1.0,1,0.8738100898801324
-1,445,0.72,1.0,1,0.8893839657191063
-1,446,0.6828588516746411,1.0,1,0.7026305163854644
-1,447,0.6277777777777778,1.0,1,0.7538983605770593
-1,448,0.8954648526077098,1.0,1,0.9643632283499571
-1,449,0.9187698412698412,1.0,1,0.914856882358379
-1,450,0.6514285714285715,1.0,1,0.7719970585389949
-1,451,0.7381880024737169,1.0,1,0.8081164970945602
-1,452,0.844642857142857,1.0,1,0.7967610662472993
-1,453,0.8909090909090909,1.0,1,0.889918709778036
-1,454,0.6277777777777778,0.5,2,0.7525434150364478
-1,455,0.7644444444444445,1.0,1,0.9072602453428913
-1,456,0.5571428571428572,1.0,1,0.6217937096682964
-1,457,0.8041666666666667,1.0,1,0.8573475126545858
-1,458,0.8197493734335839,1.0,1,0.7859162856301584
-1,459,0.2435897435897436,0.3333333333333333,3,0.23463936301137828
-1,460,0.273015873015873,0.2,5,0.4792350074047671
-1,461,0.432967032967033,0.5,2,0.48566376249424714
-1,462,0.8444444444444443,1.0,1,0.9456352704673575
-1,463,0.7589285714285714,1.0,1,0.8048099750039491
-1,464,0.885,1.0,1,0.9609247825245574
-1,465,0.3213675213675214,0.3333333333333333,3,0.416181155548731
-1,466,0.8528571428571428,1.0,1,0.943473299121064
-1,467,0.7533333333333332,1.0,1,0.9032021360513367
-1,468,0.8627156125608136,1.0,1,0.8006937664098821
-1,469,0.841111111111111,1.0,1,0.8454256604216017
-1,470,0.6277777777777778,0.5,2,0.7525434150364478
-1,471,0.762025012025012,1.0,1,0.7651654956278676
-1,472,1.0,1.0,1,1.0000000000000002
-1,473,0.9428571428571428,1.0,1,0.9818483242455303
-1,474,0.8333333333333333,1.0,1,0.8626199664389336
-1,475,0.8790123456790124,1.0,1,0.9028667550142373
-1,476,0.3197619047619048,0.2,5,0.3590095125790999
-1,477,0.5041208791208791,1.0,1,0.5585075862632192
-1,478,0.7342857142857142,1.0,1,0.8954442351097146
-1,479,0.9387412587412588,1.0,1,0.8643145546088338
-1,480,0.5771825396825396,0.5,2,0.6556125703220435
-1,481,0.7961904761904761,1.0,1,0.9182162519778518
-1,482,0.26666666666666666,0.2,5,0.45560514958746057
-1,483,0.6158730158730159,1.0,1,0.7538983605770593
-1,484,0.5999999999999999,1.0,1,0.737984671254123
-1,485,0.8528571428571428,1.0,1,0.943473299121064
-1,486,0.7116666666666667,1.0,1,0.8677498204895242
-1,487,0.6595238095238095,0.5,2,0.7634994216714084
-1,488,0.3734598734598735,0.5,2,0.4291370616153112
-1,489,0.6047619047619048,1.0,1,0.737984671254123
-1,490,0.5625901875901876,1.0,1,0.5616927747727313
-1,491,0.8438736263736263,1.0,1,0.7753366239771086
-1,492,0.548941798941799,0.5,2,0.6419711018425815
-1,493,0.8112554112554113,1.0,1,0.7899917627398736
-1,494,0.8636363636363635,1.0,1,0.8104616303452685
-1,495,0.5800000000000001,1.0,1,0.7962090036840731
-1,496,0.7961904761904761,1.0,1,0.9182162519778518
-1,497,0.7503821616979511,1.0,1,0.6325414799409712
-1,498,0.7380952380952381,1.0,1,0.7227265726449518
-1,499,0.6057142857142856,1.0,1,0.7294870343865365
-1,500,0.7544444444444445,1.0,1,0.888111130388384
-1,501,0.7562969437969438,1.0,1,0.670037563822468
-1,502,0.761060606060606,1.0,1,0.7280855459907165
-1,503,0.7222222222222222,1.0,1,0.8710785440003372
-1,504,0.8909090909090909,1.0,1,0.8687949224876582
-1,505,0.6866666666666666,1.0,1,0.7913446798877494
-1,506,0.39900793650793653,0.5,2,0.4088509304831694
-1,507,0.8690476190476191,1.0,1,0.8760157235037966
-1,508,0.8047619047619048,1.0,1,0.843537875344446
-1,509,0.8766666666666667,1.0,1,0.9512312000626861
-1,510,0.8528571428571428,1.0,1,0.943473299121064
-1,511,0.3169047619047619,0.16666666666666666,6,0.4388971226559872
-1,512,0.6496031746031745,0.5,2,0.7634017248465546
-1,513,0.8799603174603174,1.0,1,0.8984972075197749
-1,514,0.8416666666666667,1.0,1,0.9397911964740512
-1,515,0.48,0.5,2,0.6710350631449844
-1,516,0.5383333333333333,1.0,1,0.6902609733149434
-1,517,0.6968253968253968,1.0,1,0.8752903992561911
-1,518,0.7327380952380952,1.0,1,0.8943854911728584
-1,519,0.6683333333333333,0.5,2,0.7678329270936477
-1,520,0.4366233766233766,0.5,2,0.5562840298360984
-1,521,0.594047619047619,0.3333333333333333,3,0.7028046245779905
-1,522,0.7647537647537647,1.0,1,0.836784360816884
-1,523,0.640079365079365,1.0,1,0.6238470455881187
-1,524,0.7569230769230768,1.0,1,0.8207658584763088
-1,525,0.748109243697479,1.0,1,0.7787926658840254
-1,526,0.6520408163265305,0.5,2,0.7099567630410613
-1,527,0.7041666666666666,1.0,1,0.8653082042236201
-1,528,0.5613945578231292,0.5,2,0.6665751010270036
-1,529,0.9266666666666665,1.0,1,0.9747429528567878
-1,530,0.6342424242424243,0.5,2,0.6608397947263839
-1,531,0.8711111111111112,1.0,1,0.9560290452802052
-1,532,0.25137085137085136,0.14285714285714285,7,0.21515079688078362
-1,533,0.8141117216117215,1.0,1,0.7600791051976192
-1,534,0.8347222222222223,1.0,1,0.8696762340896294
-1,535,0.5,1.0,1,0.5873259502392341
-1,536,0.6706349206349207,1.0,1,0.7183750273402226
-1,537,0.9704861111111112,1.0,1,0.9918291064614978
-1,538,0.827437641723356,1.0,1,0.9341087579923265
-1,539,0.7709090909090908,1.0,1,0.8207658584763088
-1,540,0.525952380952381,0.3333333333333333,3,0.6669000641169922
-1,541,0.6,1.0,1,0.7903864795495061
-1,542,0.8864468864468864,1.0,1,0.8932076516505885
-1,543,0.9102564102564104,1.0,1,0.892210845475489
-1,544,0.7533333333333332,1.0,1,0.9032021360513367
-1,545,0.75,1.0,1,0.8772153153380493
-1,546,0.7909090909090908,1.0,1,0.8297197050122156
-1,547,0.7388528138528139,1.0,1,0.7409096387260823
-1,548,0.8089285714285714,1.0,1,0.8573475126545858
-1,549,0.9285714285714284,1.0,1,0.9083745556952364
-1,550,0.6060606060606061,1.0,1,0.6552438651310553
-1,551,0.7952380952380953,1.0,1,0.8503934686708583
-1,552,0.8204295704295705,1.0,1,0.8122341179857165
-1,553,0.6783333333333332,1.0,1,0.8442380676954225
-1,554,0.6342857142857143,1.0,1,0.8275263202178935
-1,555,0.731111111111111,1.0,1,0.8934420750106609
-1,556,1.0,1.0,1,1.0
-1,557,0.5944444444444444,0.5,2,0.7387252447042174
-1,558,0.7773809523809523,1.0,1,0.8417771098923534
-1,559,0.8416666666666667,1.0,1,0.9397911964740512
-1,560,0.925,1.0,1,0.975788054854922
-1,561,0.9028571428571428,1.0,1,0.9669850519151657
-1,562,0.8102564102564103,1.0,1,0.843537875344446
-1,563,0.499047619047619,1.0,1,0.6710641955623395
-1,564,0.8999999999999999,1.0,1,0.9668342083190152
-1,565,0.8412698412698414,1.0,1,0.944573515341395
-1,566,0.528968253968254,1.0,1,0.6159929108925156
-1,567,0.5909090909090909,1.0,1,0.6131471927654585
-1,568,0.9166666666666666,1.0,1,0.9709286432396583
-1,569,0.9102564102564104,1.0,1,0.892210845475489
-1,570,0.8773809523809524,1.0,1,0.958214983820857
-1,571,0.6726190476190477,1.0,1,0.8495981447350545
-1,572,0.8583333333333332,1.0,1,0.9505310077117098
-1,573,0.5,0.5,2,0.6653497124326151
-1,574,0.9428571428571428,1.0,1,0.9818483242455303
-1,575,0.5509090909090909,1.0,1,0.6892158713168093
-1,576,1.0,1.0,1,1.0
-1,577,0.8583333333333332,1.0,1,0.9505310077117098
-1,578,0.6709090909090909,1.0,1,0.7719970585389949
-1,579,0.835,1.0,1,0.9374130297304557
-1,580,1.0,1.0,1,1.0
-1,581,0.7753968253968253,1.0,1,0.9143656167316337
-1,582,0.9166666666666667,1.0,1,0.892210845475489
-1,583,0.7287037037037036,1.0,1,0.8798540966214204
-1,584,1.0,1.0,1,1.0
-1,585,0.835,1.0,1,0.9374130297304557
-1,586,0.8541666666666666,1.0,1,0.9438661545147249
-1,587,0.7928571428571429,1.0,1,0.8536824105434109
-1,588,0.8215213358070501,1.0,1,0.8631613611274367
-1,589,0.6155122655122656,0.5,2,0.6679412917570872
-1,590,0.4988095238095238,1.0,1,0.5922216874835864
-1,591,0.5961904761904762,0.5,2,0.7251243965469422
-1,592,0.9526315789473684,1.0,1,0.9363792118010483
-1,593,0.835,1.0,1,0.9374130297304557
-1,594,0.8520408163265305,1.0,1,0.8784964149251223
-1,595,0.6136363636363636,1.0,1,0.6763983326482914
-1,596,0.7226190476190475,1.0,1,0.8748551918782667
-1,597,0.7466422466422467,1.0,1,0.7526136409516658
-1,598,1.0,1.0,1,1.0
-1,599,1.0,1.0,1,1.0
-1,600,0.6166666666666667,1.0,1,0.7365447429771823
-1,601,0.3096336996336996,0.25,4,0.36491893837355766
-1,602,0.7222222222222222,1.0,1,0.8710785440003372
-1,603,0.8666666666666667,1.0,1,0.8687949224876582
-1,604,0.8284090909090909,1.0,1,0.8573475126545858
-1,605,0.835,1.0,1,0.9374130297304557
-1,606,0.8599999999999999,1.0,1,0.9519709359886506
-1,607,0.7536507936507936,1.0,1,0.7453016244178956
-1,608,0.7688492063492063,1.0,1,0.9112673530673152
-1,609,0.6666666666666667,1.0,1,0.7809509050749018
-1,610,0.9305555555555556,1.0,1,0.9783978399515039
-1,611,0.8592592592592592,1.0,1,0.9537123696623916
-1,612,0.6738095238095239,1.0,1,0.6992148198508501
-1,613,0.5210317460317461,1.0,1,0.7593434203530206
-1,614,0.4776190476190476,0.5,2,0.5790560467042357
-1,615,0.6952380952380952,1.0,1,0.8069137770714503
-1,616,0.8231601731601732,1.0,1,0.7899917627398736
-1,617,0.7801587301587302,1.0,1,0.897617883552293
-1,618,0.8261904761904761,1.0,1,0.9330795243082165
-1,619,0.6305555555555555,1.0,1,0.7622369974983191
-1,620,0.8291666666666666,1.0,1,0.8219345592466818
-1,621,0.6257635221920936,1.0,1,0.6779350796987671
-1,622,0.71,1.0,1,0.7860137352654725
-1,623,0.7753968253968253,1.0,1,0.9143656167316337
-1,624,0.8666666666666667,1.0,1,0.8687949224876582
-1,625,0.75,1.0,1,0.9042472380494709
-1,626,0.6738095238095239,1.0,1,0.6992148198508501
-1,627,0.8999999999999999,1.0,1,0.9668342083190152
-1,628,0.588095238095238,0.5,2,0.6504460199135362
-1,629,0.8242424242424242,1.0,1,0.843537875344446
-1,630,0.5453968253968253,0.5,2,0.7064104889703594
-1,631,0.9266666666666665,1.0,1,0.9747429528567878
-1,632,0.81,1.0,1,0.9068250379649667
-1,633,1.0,1.0,1,1.0
-1,634,0.5988095238095239,1.0,1,0.6601396023754076
-1,635,1.0,1.0,1,1.0
-1,636,0.8592953342953344,1.0,1,0.8796648654899675
-1,637,0.5926190476190476,0.5,2,0.7348179790088134
-1,638,0.8711111111111112,1.0,1,0.9560290452802052
-1,639,0.7791666666666666,1.0,1,0.8493587936665266
-1,640,0.7265873015873016,1.0,1,0.8021574504628256
-1,641,0.8917233560090703,1.0,1,0.9652102434192421
-1,642,0.7442424242424241,1.0,1,0.8051628502199798
-1,643,0.5441558441558441,1.0,1,0.6060398578158168
-1,644,0.6071428571428572,1.0,1,0.6548086577531307
-1,645,0.6954365079365079,1.0,1,0.7928840118493731
-1,646,0.619440083725798,0.5,2,0.6187869860554793
-1,647,0.7884920634920634,1.0,1,0.9199753853803091
-1,648,0.825925925925926,1.0,1,0.9404511968899845
-1,649,0.8,1.0,1,0.8573475126545858
-1,650,0.5742424242424242,0.5,2,0.6366278495813059
-1,651,0.9428571428571428,1.0,1,0.9818483242455303
-1,652,0.6926190476190477,1.0,1,0.859991919547902
-1,653,0.9266666666666665,1.0,1,0.9747429528567878
-1,654,0.8253968253968254,1.0,1,0.9378773695257354
-1,655,0.8528571428571428,1.0,1,0.943473299121064
-1,656,0.7600340136054422,1.0,1,0.7787926658840254
-1,657,0.8138528138528138,1.0,1,0.7751482523375255
-1,658,0.7972222222222223,1.0,1,0.8486987932505933
-1,659,0.7972163865546218,1.0,1,0.7151857987862356
-1,660,0.38769841269841276,0.5,2,0.536130193982575
-1,661,0.8909090909090909,1.0,1,0.8687949224876582
-1,662,0.4866666666666666,0.3333333333333333,3,0.5676648326913506
-1,663,0.5471861471861471,1.0,1,0.6212653646768634
-1,664,0.7709090909090908,1.0,1,0.8207658584763088
-1,665,0.6390476190476191,1.0,1,0.7529987871806382
-1,666,0.7857142857142856,1.0,1,0.8357799744028239
-1,667,0.8769230769230769,1.0,1,0.8687949224876582
-1,668,0.9484126984126984,1.0,1,0.9838048780283076
-1,669,0.9266666666666665,1.0,1,0.9747429528567878
-1,670,0.7861904761904761,1.0,1,0.8990671370233446
-1,671,0.7930555555555556,1.0,1,0.8486987932505933
-1,672,0.71,0.5,2,0.7816510974258781
-1,673,1.0,1.0,1,1.0
-1,674,0.5857142857142856,1.0,1,0.7287868420355602
-1,675,0.6592857142857143,1.0,1,0.8364801667538003
-1,676,0.6866666666666665,1.0,1,0.8587959739536173
-1,677,0.8333333333333333,1.0,1,0.941577161175803
-1,678,0.7266666666666666,1.0,1,0.7860137352654725
-1,679,0.7158119658119657,1.0,1,0.8013122149737616
-1,680,0.8761904761904762,1.0,1,0.9565912771023182
-1,681,0.8528571428571428,1.0,1,0.943473299121064
-1,682,0.8061868686868686,1.0,1,0.8480740740411332
-1,683,0.563131313131313,0.5,2,0.6317321123369536
-1,684,1.0,1.0,1,1.0
-1,685,0.8711111111111112,1.0,1,0.9560290452802052
-1,686,0.7797979797979797,1.0,1,0.8248239677678633
-1,687,0.794047619047619,1.0,1,0.8417771098923534
-1,688,0.9276437847866419,1.0,1,0.9020870746500322
-1,689,0.49439393939393944,1.0,1,0.5773584151532218
-1,690,0.9136577708006279,1.0,1,0.9020870746500322
-1,691,0.8459706959706959,1.0,1,0.8767055912339933
-1,692,0.9266666666666665,1.0,1,0.9747429528567878
-1,693,0.7514285714285713,1.0,1,0.8207658584763088
-1,694,0.7961904761904761,1.0,1,0.9182162519778518
-1,695,0.7783333333333333,1.0,1,0.9121559825872436
-1,696,1.0,1.0,1,1.0
-1,697,0.8766666666666667,1.0,1,0.9512312000626861
-1,698,0.9028571428571428,1.0,1,0.9669850519151657
-1,699,0.9266666666666665,1.0,1,0.9747429528567878
-1,700,0.7569230769230768,1.0,1,0.8207658584763088
-1,701,0.42272727272727273,0.3333333333333333,3,0.43645975517900876
-1,702,0.947845804988662,1.0,1,0.9848330959553522
-1,703,0.925,1.0,1,0.975788054854922
-1,704,0.6433333333333333,0.5,2,0.7588790805577408
-1,705,0.885,1.0,1,0.9609247825245574
-1,706,0.9583333333333334,1.0,1,0.9876712785649564
-1,707,0.5333333333333333,0.5,2,0.7094100882694507
-1,708,1.0,1.0,1,1.0
-1,709,0.9166666666666665,1.0,1,0.9674679834891693
-1,710,0.5585281385281384,0.5,2,0.6278248466415495
-1,711,0.7466666666666666,1.0,1,0.8207658584763088
-1,712,0.6861904761904761,0.5,2,0.7738931964842559
-1,713,0.5961904761904762,0.5,2,0.7251243965469422
-1,714,0.8819444444444444,1.0,1,0.9617010886504508
-1,715,0.5342857142857143,0.5,2,0.6278248466415495
-1,716,0.911111111111111,1.0,1,0.9708923176105697
-1,717,0.8583333333333332,1.0,1,0.9505310077117098
-1,718,1.0,1.0,1,1.0
-1,719,0.3959706959706959,0.5,2,0.4478509691918939
-1,720,0.8761904761904762,1.0,1,0.9565912771023182
-1,721,1.0,1.0,1,1.0
-1,722,0.6977777777777778,1.0,1,0.8628540832451719
-1,723,0.730952380952381,1.0,1,0.8122682216087223
-1,724,0.6087301587301587,0.5,2,0.7447855140948256
-1,725,0.7666666666666666,1.0,1,0.8297197050122156
-1,726,0.5491452991452991,0.5,2,0.6317321123369536
-1,727,0.6941558441558442,1.0,1,0.6992148198508501
-1,728,0.6569230769230769,1.0,1,0.7719970585389949
-1,729,0.5952380952380951,1.0,1,0.7290545192013744
-1,730,0.6417748917748918,1.0,1,0.6661998717660158
-1,731,0.8392857142857142,1.0,1,0.9427731067700877
-1,732,0.7069805194805194,1.0,1,0.7976403384579976
-1,733,0.8392857142857142,1.0,1,0.9427731067700877
-1,734,0.8833333333333334,1.0,1,0.9607686373130874
-1,735,1.0,1.0,1,1.0
-1,736,0.7158119658119657,1.0,1,0.8013122149737616
-1,737,0.9028571428571428,1.0,1,0.9669850519151657
-1,738,0.925,1.0,1,0.975788054854922
-1,739,0.8528571428571428,1.0,1,0.943473299121064
-1,740,0.8142857142857143,1.0,1,0.9338192602341808
-1,741,0.9428571428571428,1.0,1,0.9818483242455303
-1,742,0.6263528138528138,1.0,1,0.6898511839334867
-1,743,1.0,1.0,1,1.0
-1,744,0.9266666666666665,1.0,1,0.9747429528567878
-1,745,0.9428571428571428,1.0,1,0.9818483242455303
-1,746,0.638095238095238,1.0,1,0.7365896932159579
-1,747,0.6977777777777778,1.0,1,0.8628540832451719
-1,748,1.0,1.0,1,1.0
-1,749,0.7903138528138527,1.0,1,0.8411523906828934
-1,750,0.8444444444444443,1.0,1,0.9456352704673575
-1,751,0.5597619047619047,1.0,1,0.7137727261090451
-1,752,0.8528571428571428,1.0,1,0.943473299121064
-1,753,0.6783333333333332,1.0,1,0.8442380676954225
-1,754,0.5926190476190476,0.5,2,0.7348179790088134
-1,755,0.8583333333333332,1.0,1,0.9505310077117098
-1,756,0.7182539682539683,1.0,1,0.8843252268199593
-1,757,0.9081632653061225,1.0,1,0.9020870746500322
-1,758,0.8833333333333333,1.0,1,0.8687949224876582
-1,759,0.6555555555555554,1.0,1,0.7569060528760422
-1,760,0.7166666666666667,0.5,2,0.7928580195906539
-1,761,0.8261904761904761,1.0,1,0.9330795243082165
-1,762,0.6866666666666665,1.0,1,0.8587959739536173
-1,763,0.7857142857142856,1.0,1,0.8357799744028239
-1,764,0.6342857142857143,1.0,1,0.7529987871806382
-1,765,0.48595238095238097,0.3333333333333333,3,0.6416430169737801
-1,766,0.7571428571428571,1.0,1,0.8216607272011168
-1,767,0.6944444444444444,1.0,1,0.863899185243306
-1,768,0.696923076923077,1.0,1,0.7913446798877494
-1,769,0.8369230769230769,1.0,1,0.8539316501572936
-1,770,0.876984126984127,1.0,1,0.8829374068620365
-1,771,0.6000000000000001,1.0,1,0.8110722760144377
-1,772,0.9266666666666665,1.0,1,0.9747429528567878
-1,773,0.2272727272727273,0.25,4,0.20210734650054754
-1,774,1.0,1.0,1,1.0
-1,775,0.45333333333333325,0.3333333333333333,3,0.5538466623591202
-1,776,0.8306878306878307,1.0,1,0.8662406555609834
-1,777,0.7236111111111111,1.0,1,0.7409096387260823
-1,778,0.7742424242424242,1.0,1,0.8200261225503443
-1,779,0.925,1.0,1,0.975788054854922
-1,780,0.676923076923077,1.0,1,0.7809509050749018
-1,781,0.5726190476190476,0.5,2,0.7244242041959659
-1,782,0.6277777777777778,0.5,2,0.7525434150364478
-1,783,0.45380952380952383,1.0,1,0.47036528278595796
-1,784,0.3333333333333333,0.3333333333333333,3,0.5
-1,785,0.6245421245421245,1.0,1,0.7426050123677906
-1,786,0.6977777777777778,1.0,1,0.8628540832451719
-1,787,0.9666666666666666,1.0,1,0.9896062251871525
-1,788,0.7753968253968253,1.0,1,0.9143656167316337
-1,789,0.5514285714285714,1.0,1,0.6981697178527161
-1,790,0.5858119658119658,1.0,1,0.718531027751576
-1,791,0.8444444444444443,1.0,1,0.9456352704673575
-1,792,0.5769230769230769,1.0,1,0.6295516106099185
-1,793,0.6453968253968254,1.0,1,0.831584429509448
-1,794,0.885,1.0,1,0.9609247825245574
-1,795,1.0,1.0,1,1.0
-1,796,0.5800000000000001,1.0,1,0.7275908964412755
-1,797,0.6402564102564103,1.0,1,0.7528479435844877
-1,798,0.8391690009337068,1.0,1,0.8301054527851841
-1,799,0.925,1.0,1,0.975788054854922
-1,800,0.911111111111111,1.0,1,0.9708923176105697
-1,801,0.7453968253968253,1.0,1,0.8995023444012691
-1,802,0.8666666666666667,1.0,1,0.8687949224876582
-1,803,0.9666666666666666,1.0,1,0.9896062251871525
-1,804,0.7753968253968253,1.0,1,0.9143656167316337
-1,805,0.8583333333333332,1.0,1,0.9505310077117098
-1,806,1.0,1.0,1,1.0
-1,807,0.7933333333333332,1.0,1,0.8304198973631919
-1,808,0.6173433048433048,1.0,1,0.692404837425717
-1,809,0.6514285714285715,1.0,1,0.7719970585389949
-1,810,0.8509090909090908,1.0,1,0.8539316501572936
-1,811,1.0,1.0,1,1.0
-1,812,0.5726190476190476,0.5,2,0.7244242041959659
-1,813,0.6147619047619047,0.5,2,0.6608397947263839
-1,814,0.5988455988455987,1.0,1,0.7238911047912079
-1,815,0.8111111111111111,1.0,1,0.9318171001351272
-1,816,0.885,1.0,1,0.9609247825245574
-1,817,0.7226190476190475,1.0,1,0.8748551918782667
-1,818,0.5386846405228758,0.3333333333333333,3,0.572619626450406
-1,819,0.7470238095238095,1.0,1,0.8838242945899707
-1,820,0.9666666666666666,1.0,1,0.9896062251871525
-1,821,0.7147619047619047,1.0,1,0.7860137352654725
-1,822,0.6269230769230769,1.0,1,0.6548086577531307
-1,823,0.6108225108225108,1.0,1,0.6552438651310553
-1,824,0.8509090909090908,1.0,1,0.8539316501572936
-1,825,0.5138888888888888,0.5,2,0.6787622294601762
-1,826,0.5441558441558441,1.0,1,0.6060398578158168
-1,827,0.7291666666666665,1.0,1,0.8277566336180304
-1,828,0.6595238095238095,0.5,2,0.7634994216714084
-1,829,0.9028571428571428,1.0,1,0.9669850519151657
-1,830,0.5496503496503498,1.0,1,0.6108377030333357
-1,831,0.6696503496503496,1.0,1,0.6843515475204855
-1,832,0.7416666666666667,1.0,1,0.8826130928198888
-1,833,0.8444444444444443,1.0,1,0.9456352704673575
-1,834,0.9305555555555556,1.0,1,0.9783978399515039
-1,835,0.81,1.0,1,0.9068250379649667
-1,836,0.9028571428571428,1.0,1,0.9669850519151657
-1,837,0.6587301587301588,1.0,1,0.8447024074907021
-1,838,0.5051082251082251,1.0,1,0.5834186845438301
-1,839,0.7714285714285714,1.0,1,0.8297197050122156
-1,840,0.8333333333333333,1.0,1,0.941577161175803
-1,841,0.4566233766233766,0.5,2,0.5652378763720053
-1,842,0.5961904761904762,0.5,2,0.7251243965469422
-1,843,0.419047619047619,0.3333333333333333,3,0.6084772252927952
-1,844,0.7933333333333332,1.0,1,0.8304198973631919
-1,845,0.7333333333333334,1.0,1,0.8062079522181139
-1,846,0.5071428571428571,1.0,1,0.5087403079104242
-1,847,0.9028571428571428,1.0,1,0.9669850519151657
-1,848,0.7547619047619047,1.0,1,0.8200261225503443
-1,849,0.8766666666666667,1.0,1,0.9512312000626861
-1,850,0.9428571428571428,1.0,1,0.9818483242455303
-1,851,0.45454545454545453,1.0,1,0.4599715079731104
-1,852,0.7683333333333333,1.0,1,0.8930068676327363
-1,853,0.6935897435897436,1.0,1,0.7756199604526249
-1,854,0.740909090909091,1.0,1,0.787702056960637
-1,855,0.7453703703703703,1.0,1,0.8227286033360877
-1,856,0.911111111111111,1.0,1,0.9708923176105697
-1,857,0.8392857142857142,1.0,1,0.9427731067700877
-1,858,0.6393939393939394,1.0,1,0.6548086577531307
-1,859,0.5746031746031746,1.0,1,0.7984186378284632
-1,860,0.9028571428571428,1.0,1,0.9669850519151657
-1,861,0.9266666666666665,1.0,1,0.9747429528567878
-1,862,0.885,1.0,1,0.9609247825245574
-1,863,0.9484126984126984,1.0,1,0.9838048780283076
-1,864,0.8444444444444443,1.0,1,0.9456352704673575
-1,865,0.5944444444444444,0.5,2,0.7387252447042174
-1,866,0.8444444444444443,1.0,1,0.9456352704673575
-1,867,0.8711111111111112,1.0,1,0.9560290452802052
-1,868,0.835,1.0,1,0.9374130297304557
-1,869,1.0,1.0,1,1.0
-1,870,0.7666666666666666,1.0,1,0.8297197050122156
-1,871,0.8583333333333332,1.0,1,0.9505310077117098
-1,872,0.47606060606060596,0.5,2,0.49125969208957576
-1,873,1.0,1.0,1,1.0
-1,874,0.8392857142857142,1.0,1,0.9427731067700877
-1,875,0.7055555555555555,1.0,1,0.8013122149737616
-1,876,0.6977777777777778,1.0,1,0.8628540832451719
-1,877,0.9428571428571428,1.0,1,0.9818483242455303
-1,878,0.925,1.0,1,0.975788054854922
-1,879,0.47272727272727266,0.5,2,0.5043776700708299
-1,880,0.9266666666666665,1.0,1,0.9747429528567878
-1,881,0.7633333333333332,1.0,1,0.8207658584763088
-1,882,0.7742424242424242,1.0,1,0.8200261225503443
-1,883,0.6444444444444444,1.0,1,0.8386421381000939
-1,884,0.3333333333333333,0.3333333333333333,3,0.5
-1,885,0.7392857142857143,1.0,1,0.8940043068327739
-1,886,0.5833333333333333,1.0,1,0.7144729184600214
-1,887,0.7861904761904761,1.0,1,0.8990671370233446
-1,888,0.8102564102564103,1.0,1,0.843537875344446
-1,889,0.6402564102564103,1.0,1,0.7528479435844877
-1,890,0.95,1.0,1,0.9828920819566879
-1,891,0.6436507936507936,1.0,1,0.7569060528760422
-1,892,0.8261904761904761,1.0,1,0.9330795243082165
-1,893,0.8766666666666667,1.0,1,0.9512312000626861
-1,894,0.775,1.0,1,0.910853251331002
-1,895,0.9428571428571428,1.0,1,0.9818483242455303
-1,896,0.925,1.0,1,0.975788054854922
-1,897,0.9166666666666665,1.0,1,0.9674679834891693
-1,898,0.7214285714285713,1.0,1,0.8062079522181139
-1,899,0.835,1.0,1,0.9374130297304557
-1,900,0.7433333333333334,1.0,1,0.8840530210968295
-1,901,0.6585281385281385,1.0,1,0.7529987871806382
-1,902,0.3878787878787878,0.5,2,0.3600546145772339
-1,903,0.8509090909090908,1.0,1,0.8539316501572936
-1,904,0.925,1.0,1,0.975788054854922
-1,905,0.44383838383838387,1.0,1,0.5392968862278846
-1,906,0.7603174603174603,1.0,1,0.8248239677678633
-1,907,0.8583333333333332,1.0,1,0.9505310077117098
-1,908,0.38055555555555554,0.25,4,0.574009465863733
-1,909,0.7857142857142856,1.0,1,0.8357799744028239
-1,910,0.8761904761904762,1.0,1,0.9565912771023182
-1,911,0.8369230769230769,1.0,1,0.8539316501572936
-1,912,1.0,1.0,1,1.0
-1,913,0.9666666666666666,1.0,1,0.9896062251871525
-1,914,0.7714285714285714,1.0,1,0.8297197050122156
-1,915,0.4442857142857143,0.25,4,0.6091774176437715
-1,916,0.8211111111111111,1.0,1,0.9325172924861034
-1,917,0.9266666666666665,1.0,1,0.9747429528567878
-1,918,0.5851948051948053,1.0,1,0.7042299872433243
-1,919,0.6996503496503497,1.0,1,0.6992148198508501
-1,920,0.9428571428571428,1.0,1,0.9818483242455303
-1,921,0.5043650793650793,1.0,1,0.6613041345216636
-1,922,0.7357142857142858,1.0,1,0.8122682216087223
-1,923,0.9266666666666665,1.0,1,0.9747429528567878
-1,924,0.6595238095238095,0.5,2,0.7634994216714084
-1,925,0.8306878306878307,1.0,1,0.8662406555609834
-1,926,0.885,1.0,1,0.9609247825245574
-1,927,0.925,1.0,1,0.975788054854922
-1,928,0.5442424242424242,0.5,2,0.6217645772509413
-1,929,0.6305555555555555,1.0,1,0.7622369974983191
-1,930,0.7412087912087912,1.0,1,0.8122682216087223
-1,931,0.7433333333333334,1.0,1,0.8840530210968295
-1,932,0.5666666666666667,1.0,1,0.6295516106099185
-1,933,0.8708333333333332,1.0,1,0.791726719367984
-1,934,0.871031746031746,1.0,1,0.8984972075197749
-1,935,0.7999999999999999,1.0,1,0.8493587936665266
-1,936,0.7101633986928104,1.0,1,0.6840182226156365
-1,937,0.8022164563831231,1.0,1,0.8150464777885064
-1,938,0.9081196581196581,1.0,1,0.866947989864271
-1,939,0.7048340548340548,1.0,1,0.6838137637230076
-1,940,0.8813455988455987,1.0,1,0.8899541168509599
-1,941,0.7909913673071569,1.0,1,0.7538670157815447
-1,942,0.8243578643578643,1.0,1,0.8115558478722845
-1,943,0.8039682539682539,1.0,1,0.78180487222265
-1,944,0.560021645021645,1.0,1,0.5166851630541056
-1,945,0.7602564102564102,1.0,1,0.8200261225503443
-1,946,0.7513625263625263,1.0,1,0.712998066628926
-1,947,0.9617346938775511,1.0,1,0.988800903144152
-1,948,0.9697979797979798,1.0,1,0.9305687780632227
-1,949,0.9381313131313131,1.0,1,0.9120345678990496
-1,950,0.7789194139194139,1.0,1,0.7059054020403313
-1,951,0.825281151596941,1.0,1,0.78180487222265
-1,952,0.8025063773515786,1.0,1,0.772837825180752
-1,953,0.8921717171717172,1.0,1,0.793584067764911
-1,954,0.848524531024531,1.0,1,0.8364586133797036
-1,955,0.6862044817927171,1.0,1,0.7392674247768478
-1,956,0.8915190365190365,1.0,1,0.8482378089219645
-1,957,0.8343939393939394,1.0,1,0.7720617383222416
-1,958,0.8069684944684945,1.0,1,0.6930221935231562
-1,959,0.8312074829931972,1.0,1,0.8784964149251223
-1,960,0.9191558441558442,1.0,1,0.8006937664098821
-1,961,0.5393939393939393,1.0,1,0.6060398578158168
-1,962,0.7511769480519481,0.5,2,0.7470572972323429
-1,963,0.4082051282051282,0.5,2,0.4660026449463636
-1,964,0.8773155929038282,1.0,1,0.8521705090845473
-1,965,0.9068813131313131,1.0,1,0.90172909780913
-1,966,0.6397725885225886,0.5,2,0.6253338941235215
-1,967,0.7691308691308691,1.0,1,0.7715359168226731
-1,968,0.2839646464646465,0.25,4,0.3984887823764796
-1,969,0.7911807147101264,1.0,1,0.715550648768261
-1,970,0.9540404040404039,1.0,1,0.866947989864271
-1,971,0.5926190476190476,0.5,2,0.7348179790088134
-1,972,0.6269230769230769,1.0,1,0.6548086577531307
-1,973,0.7890513320337882,1.0,1,0.7609655944414468
-1,974,0.48571428571428565,0.5,2,0.5939193190346003
-1,975,0.9057470307470308,1.0,1,0.845519325279726
-1,976,0.8772546897546897,1.0,1,0.8512360941594274
-1,977,0.7249999999999999,1.0,1,0.8187245042096153
-1,978,0.3933333333333333,0.3333333333333333,3,0.5196357686800012
-1,979,0.8532407407407407,1.0,1,0.7767471075223498
-1,980,0.6880952380952381,1.0,1,0.7756199604526249
-1,981,0.6878310578310578,0.5,2,0.6378891765242928
-1,982,0.7800125313283207,1.0,1,0.7605591431973849
-1,983,0.95,1.0,1,0.9828920819566879
-1,984,0.8333333333333333,1.0,1,0.9325210919548241
-1,985,0.8676638176638178,1.0,1,0.8351142097265215
-1,986,0.9497222222222222,1.0,1,0.9266360779006398
-1,987,0.6067316017316017,0.5,2,0.5552448576790284
-1,988,0.8622895622895623,1.0,1,0.8279110931067362
-1,989,0.9169431875314228,1.0,1,0.866947989864271
-1,990,0.8441700404858299,1.0,1,0.7909506325094736
-1,991,0.9588235294117647,1.0,1,0.9363792118010483
-1,992,0.6351443001443001,0.5,2,0.5519699720241614
-1,993,0.79255328005328,1.0,1,0.7573821447149965
-1,994,0.6735569985569986,1.0,1,0.6399441431116327
-1,995,0.8054492291334395,1.0,1,0.727329844310522
-1,996,0.8737193362193362,1.0,1,0.7885497208855956
-1,997,0.8709415584415584,1.0,1,0.7849818707050383
-1,998,0.9332467532467531,1.0,1,0.8643145546088338
-1,999,0.7323125404007756,1.0,1,0.6871952210980248
-1,1000,0.6496158958001063,1.0,1,0.643121141594021
