epoch,sample_nr,MAP,MRR@10,RFR,NDCG@10
-1,1,0.941540404040404,1.0,1,0.8630152897016883
-1,2,0.9166666666666666,1.0,1,0.9709286432396583
-1,3,0.9202380952380953,1.0,1,0.9134627261980166
-1,4,0.844559761226428,1.0,1,0.8253470553818276
-1,5,0.9107142857142857,1.0,1,0.971476156593264
-1,6,0.9583333333333334,1.0,1,0.9876712785649564
-1,7,0.9034013605442175,1.0,1,0.9020870746500322
-1,8,0.7662698412698412,1.0,1,0.8932498536862835
-1,9,0.7351290376290376,1.0,1,0.6651928536555898
-1,10,0.975,1.0,1,0.9933222998814618
-1,11,0.9571428571428571,1.0,1,0.9878316351280036
-1,12,0.5819444444444444,0.5,2,0.7290285269426553
-1,13,0.7983225108225107,1.0,1,0.7534494445524138
-1,14,0.6961904761904762,1.0,1,0.8502983370860308
-1,15,0.8701388888888888,1.0,1,0.9560094522876518
-1,16,0.3277777777777778,0.3333333333333333,3,0.416181155548731
-1,17,0.6,0.5,2,0.6504460199135362
-1,18,0.7892857142857141,1.0,1,0.9192613539759861
-1,19,0.8808658008658008,1.0,1,0.84860265890399
-1,20,0.8711670274170275,1.0,1,0.8881917374298554
-1,21,0.7253434065934066,1.0,1,0.7645921559984157
-1,22,0.9129251700680272,1.0,1,0.9731203984025376
-1,23,0.8292759528053645,1.0,1,0.727329844310522
-1,24,0.8333333333333333,1.0,1,0.9197207891481877
-1,25,0.8234371184371183,1.0,1,0.7682269253321374
-1,26,0.8295003607503608,1.0,1,0.8693552534644672
-1,27,0.8402272727272726,1.0,1,0.7753366239771086
-1,28,0.625,1.0,1,0.8065735963827294
-1,29,0.6482634649301315,0.3333333333333333,3,0.6846006209336563
-1,30,0.796078921078921,1.0,1,0.7453016244178956
-1,31,0.8938736263736263,1.0,1,0.8553475075669357
-1,32,0.9622222222222222,1.0,1,0.9305687780632227
-1,33,0.8737193362193362,1.0,1,0.7885497208855956
-1,34,0.822602089268756,1.0,1,0.8720721097395528
-1,35,0.9428571428571428,1.0,1,0.9818483242455303
-1,36,0.8785593491475844,1.0,1,0.793584067764911
-1,37,0.7662698412698412,1.0,1,0.8932498536862835
-1,38,0.6111111111111112,1.0,1,0.8126530453831329
-1,39,0.8255984211866564,1.0,1,0.7695261902392829
-1,40,0.9187698412698412,1.0,1,0.914856882358379
-1,41,0.982142857142857,1.0,1,0.9950883841893562
-1,42,0.7594122544122544,1.0,1,0.7257345305446319
-1,43,0.6452020202020201,1.0,1,0.6796878192480582
-1,44,0.7477903091060986,1.0,1,0.7951657524814092
-1,45,0.8752888777888778,1.0,1,0.8389574121760602
-1,46,1.0,1.0,1,1.0
-1,47,0.6109152752009895,0.5,2,0.6067408741303463
-1,48,0.9587412587412587,1.0,1,0.8701249883466594
-1,49,0.6827960927960929,0.5,2,0.6698623505528797
-1,50,0.8721167721167721,1.0,1,0.7885497208855956
-1,51,0.7062928656311009,0.5,2,0.6468562235661908
-1,52,0.7760416666666667,1.0,1,0.8483745848692114
-1,53,0.6111111111111112,1.0,1,0.7977228895450265
-1,54,0.8030303030303032,1.0,1,0.7979234944544783
-1,55,0.8298151848151848,1.0,1,0.7702043899253147
-1,56,0.8095238095238095,1.0,1,0.9217868789962073
-1,57,0.7708333333333333,1.0,1,0.8927537907700458
-1,58,0.9353174603174602,1.0,1,0.866947989864271
-1,59,0.8868650793650793,1.0,1,0.9052116356304493
-1,60,0.9666666666666666,1.0,1,0.9896062251871525
-1,61,0.6892957042957043,1.0,1,0.6212166613240647
-1,62,0.8186979686979686,1.0,1,0.7542686714597936
-1,63,0.8452322595704947,1.0,1,0.7885497208855956
-1,64,0.6726190476190477,1.0,1,0.8495981447350545
-1,65,0.8125,1.0,1,0.9279611693743142
-1,66,0.7416666666666667,1.0,1,0.8826130928198888
-1,67,0.9999999999999999,1.0,1,1.0
-1,68,0.7896142746142746,1.0,1,0.7951657524814092
-1,69,0.5428571428571428,0.5,2,0.6955762265703532
-1,70,0.8766666666666667,1.0,1,0.9512312000626861
-1,71,0.7544444444444445,1.0,1,0.888111130388384
-1,72,0.925,1.0,1,0.975788054854922
-1,73,0.8857142857142857,1.0,1,0.9634874376052048
-1,74,0.6942704517704517,0.5,2,0.6947651160602988
-1,75,0.7988736263736262,1.0,1,0.7948833326720566
-1,76,0.7625811688311688,1.0,1,0.7720258561359463
-1,77,0.6833333333333333,1.0,1,0.8598410759517515
-1,78,0.9241452991452991,1.0,1,0.9120345678990496
-1,79,0.7792957042957042,1.0,1,0.6901935063354876
-1,80,0.848206374522164,1.0,1,0.7713707099946514
-1,81,0.8135317460317459,1.0,1,0.7975167679274938
-1,82,0.7287037037037036,1.0,1,0.8227286033360877
-1,83,0.8979292929292929,1.0,1,0.8482378089219645
-1,84,0.8469769119769119,1.0,1,0.8205228949141826
-1,85,0.9187698412698412,1.0,1,0.914856882358379
-1,86,0.8452228327228327,1.0,1,0.78180487222265
-1,87,0.9376903960237295,1.0,1,0.9162750860008065
-1,88,0.6674531024531025,0.3333333333333333,3,0.6410457898283652
-1,89,0.942135642135642,1.0,1,0.866947989864271
-1,90,0.9572979797979798,1.0,1,0.9266360779006398
-1,91,0.7977960927960928,1.0,1,0.8048109992093389
-1,92,0.7452272727272726,1.0,1,0.7215194105726964
-1,93,0.6639204545454545,0.5,2,0.6487863950414728
-1,94,0.9086435786435786,1.0,1,0.8521705090845473
-1,95,0.9444444444444444,1.0,1,0.9833032486989469
-1,96,0.8673595848595848,1.0,1,0.8899541168509599
-1,97,0.8,1.0,1,0.843537875344446
-1,98,0.9572979797979798,1.0,1,0.9266360779006398
-1,99,0.8918650793650792,1.0,1,0.8512360941594274
-1,100,0.7934623709623709,1.0,1,0.6968404678259545
-1,101,0.744057609057609,1.0,1,0.6652907408280685
-1,102,0.9587412587412588,1.0,1,0.8701249883466594
-1,103,0.7082656926406926,1.0,1,0.7428839020806386
-1,104,1.0,1.0,1,1.0
-1,105,0.9295482295482295,1.0,1,0.866947989864271
-1,106,0.8566766566766565,1.0,1,0.7222954974312067
-1,107,0.8629476079476079,1.0,1,0.8364586133797036
-1,108,0.8711670274170275,1.0,1,0.8881917374298554
-1,109,0.9266666666666665,1.0,1,0.9747429528567878
-1,110,0.8813339438339437,1.0,1,0.8512360941594274
-1,111,0.7242063492063491,1.0,1,0.8191079142140378
-1,112,0.8671717171717171,1.0,1,0.7885497208855956
-1,113,0.8528571428571428,1.0,1,0.943473299121064
-1,114,0.95,1.0,1,0.9828920819566879
-1,115,0.6680555555555555,0.5,2,0.7761612682896009
-1,116,0.9108386496544391,1.0,1,0.8630152897016883
-1,117,0.81002886002886,1.0,1,0.7564477297898765
-1,118,0.9733333333333333,1.0,1,0.933745776545611
-1,119,0.9105880230880231,1.0,1,0.8512360941594274
-1,120,0.9374999999999999,1.0,1,0.8701249883466594
-1,121,0.7824281274281274,1.0,1,0.7241528458281337
-1,122,1.0,1.0,1,1.0
-1,123,0.8951315789473683,1.0,1,0.8603818544462509
-1,124,0.6295238095238095,0.5,2,0.7486361493410438
-1,125,0.8333333333333333,1.0,1,0.9197207891481877
-1,126,0.7504212454212453,1.0,1,0.7289115290270202
-1,127,0.5909090909090908,1.0,1,0.7144729184600214
-1,128,0.9909090909090909,1.0,1,0.9363792118010483
-1,129,0.8634920634920635,1.0,1,0.9538469539548475
-1,130,0.41666666666666663,0.3333333333333333,3,0.57064171895532
-1,131,0.6494047619047618,1.0,1,0.8337883909042944
-1,132,0.9571428571428571,1.0,1,0.9878316351280038
-1,133,0.7468253968253968,1.0,1,0.8192424985064939
-1,134,0.8612554112554113,1.0,1,0.727329844310522
-1,135,0.8551587301587301,1.0,1,0.9489415452074045
-1,136,0.9243181818181817,1.0,1,0.8643145546088338
-1,137,0.7665323565323564,1.0,1,0.7827392871477701
-1,138,0.8512937679604347,1.0,1,0.8253470553818276
-1,139,0.9525,1.0,1,0.933745776545611
-1,140,0.7611111111111111,1.0,1,0.9083053473410254
-1,141,0.7333333333333333,1.0,1,0.8756458727267336
-1,142,0.8513257575757576,1.0,1,0.8798661115702684
-1,143,0.7668350168350169,1.0,1,0.8313773227400801
-1,144,0.9128205128205129,1.0,1,0.8550956239938449
-1,145,0.6000000000000001,1.0,1,0.8110722760144377
-1,146,0.9377124183006537,1.0,1,0.9305687780632227
-1,147,0.7746503496503496,1.0,1,0.7215194105726964
-1,148,0.8739213564213564,1.0,1,0.84860265890399
-1,149,0.5656084656084656,0.5,2,0.7294428159439896
-1,150,0.8782627865961201,1.0,1,0.950420626211048
-1,151,0.9733333333333333,1.0,1,0.933745776545611
-1,152,0.6810606060606061,0.5,2,0.6281460426238843
-1,153,0.9666666666666667,1.0,1,0.9363792118010483
-1,154,0.9028571428571428,1.0,1,0.9669850519151657
-1,155,0.865588023088023,1.0,1,0.8263333286520083
-1,156,0.9614285714285714,1.0,1,0.933745776545611
-1,157,1.0,1.0,1,1.0
-1,158,0.8555555555555556,1.0,1,0.9441592263400607
-1,159,0.8253968253968254,1.0,1,0.9378773695257354
-1,160,0.8514757464757464,1.0,1,0.7721596254947203
-1,161,0.8987698412698412,1.0,1,0.9052116356304493
-1,162,0.9332467532467531,1.0,1,0.8643145546088338
-1,163,0.6961904761904762,1.0,1,0.8502983370860308
-1,164,0.6344580419580421,0.5,2,0.5964984284535196
-1,165,1.0,1.0,1,1.0
-1,166,0.9733333333333333,1.0,1,0.933745776545611
-1,167,0.9809090909090908,1.0,1,0.933745776545611
-1,168,0.8227272727272726,1.0,1,0.7695261902392829
-1,169,0.9558119658119658,1.0,1,0.9305687780632227
-1,170,0.888142413142413,1.0,1,0.7885497208855956
-1,171,0.9153499278499279,1.0,1,0.8579809428223729
-1,172,0.841078921078921,1.0,1,0.7702043899253147
-1,173,0.9406417112299464,1.0,1,0.8701249883466594
-1,174,0.8875,1.0,1,0.9558295932317544
-1,175,0.711111111111111,1.0,1,0.8830483001978133
-1,176,0.7628787878787879,1.0,1,0.7560966886192181
-1,177,0.7489177489177489,1.0,1,0.7133080652109928
-1,178,0.9617346938775511,1.0,1,0.988800903144152
-1,179,0.9666666666666666,1.0,1,0.9896062251871525
-1,180,0.9105519480519481,1.0,1,0.903222291229094
-1,181,0.8295003607503608,1.0,1,0.8693552534644672
-1,182,0.8940476190476192,1.0,1,0.8508957228074243
-1,183,0.9999999999999999,1.0,1,1.0
-1,184,0.8392857142857142,1.0,1,0.9427731067700877
-1,185,0.6251948051948051,1.0,1,0.7294870343865365
-1,186,0.8734126984126984,1.0,1,0.9495662644168644
-1,187,0.9525,1.0,1,0.933745776545611
-1,188,0.5856369820655535,0.5,2,0.6592324250780356
-1,189,0.9558119658119658,1.0,1,0.9305687780632227
-1,190,0.8987698412698412,1.0,1,0.9052116356304493
-1,191,0.8951388888888889,1.0,1,0.9670943502702473
-1,192,0.8999999999999999,1.0,1,0.9668342083190152
-1,193,0.8634920634920635,1.0,1,0.9538469539548475
-1,194,0.8412698412698414,1.0,1,0.944573515341395
-1,195,0.8870731120731121,1.0,1,0.89595903198491
-1,196,0.9123376623376624,1.0,1,0.8971754588393883
-1,197,0.5707656926406927,0.5,2,0.5877927939481419
-1,198,0.947845804988662,1.0,1,0.9848330959553522
-1,199,0.8276723276723276,1.0,1,0.7695261902392829
-1,200,0.7958365164247516,1.0,1,0.7624164915943118
-1,201,1.0,1.0,1,1.0
-1,202,0.9484126984126984,1.0,1,0.9838048780283076
-1,203,0.7004212454212454,1.0,1,0.6848374495230164
-1,204,1.0,1.0,1,1.0
-1,205,0.8163265306122449,1.0,1,0.8619943545085271
-1,206,0.9237043820377155,1.0,1,0.9162750860008065
-1,207,0.8841514041514041,1.0,1,0.8521705090845473
-1,208,0.8999999999999999,1.0,1,0.9668342083190152
-1,209,0.8843537414965985,1.0,1,0.9610742864774046
-1,210,0.7876373626373627,1.0,1,0.8417771098923534
-1,211,0.982142857142857,1.0,1,0.9950883841893562
-1,212,0.9697979797979798,1.0,1,0.9305687780632227
-1,213,0.8347247990105133,1.0,1,0.7957503936198024
-1,214,0.5833333333333333,0.5,2,0.6934264036172708
-1,215,0.8333333333333333,1.0,1,0.9197207891481877
-1,216,0.800909090909091,1.0,1,0.8304198973631919
-1,217,0.44939393939393935,0.5,2,0.4816056532026926
-1,218,0.9174999999999999,1.0,1,0.8643145546088338
-1,219,0.7762832405689548,1.0,1,0.8389711738179447
-1,220,1.0,1.0,1,1.0
-1,221,0.7249209124209124,1.0,1,0.7425593282399433
-1,222,0.813203463203463,1.0,1,0.7542686714597936
-1,223,0.8211111111111111,1.0,1,0.9325172924861034
-1,224,0.8361823361823362,1.0,1,0.8662406555609834
-1,225,0.6865476190476191,1.0,1,0.6848374495230164
-1,226,0.9666666666666666,1.0,1,0.9896062251871525
-1,227,0.9115936147186148,1.0,1,0.9021484053648396
-1,228,0.925,1.0,1,0.975788054854922
-1,229,0.9353174603174602,1.0,1,0.866947989864271
-1,230,0.9361111111111113,1.0,1,0.918839123725715
-1,231,0.7595238095238095,1.0,1,0.8886733622104971
-1,232,0.885,1.0,1,0.9609247825245574
-1,233,0.9451515151515152,1.0,1,0.8643145546088338
-1,234,0.9761904761904762,1.0,1,0.9930783166417602
-1,235,0.5783333333333333,0.5,2,0.7190641271563338
-1,236,0.6544444444444444,0.5,2,0.7629371898492954
-1,237,0.8038800705467373,1.0,1,0.845497555063067
-1,238,0.9380952380952383,1.0,1,0.9230390249121356
-1,239,0.9540404040404039,1.0,1,0.866947989864271
-1,240,0.8830397997064665,1.0,1,0.8379265695293113
-1,241,0.826388888888889,1.0,1,0.9391664772645912
-1,242,0.8008730158730158,1.0,1,0.8115558478722845
-1,243,0.9697979797979798,1.0,1,0.9305687780632227
-1,244,0.6392857142857142,1.0,1,0.8260863919409528
-1,245,0.7013888888888888,1.0,1,0.7874769737725692
-1,246,0.7307692307692307,1.0,1,0.7456919575934261
-1,247,0.6597222222222222,1.0,1,0.7742158010001622
-1,248,0.6122972265829407,0.5,2,0.6861979535631136
-1,249,0.7291666666666666,1.0,1,0.8785693769960271
-1,250,0.8867424242424242,1.0,1,0.8950513976905917
-1,251,0.8357142857142856,1.0,1,0.9372375429818208
-1,252,1.0,1.0,1,1.0
-1,253,0.8763257575757576,1.0,1,0.8909510095528638
-1,254,0.8500927643784786,1.0,1,0.8752074730525697
-1,255,1.0,1.0,1,1.0
-1,256,0.6544444444444444,0.5,2,0.7629371898492954
-1,257,0.9714285714285714,1.0,1,0.9363792118010483
-1,258,0.9325396825396826,1.0,1,0.9799214801447083
-1,259,0.9225,1.0,1,0.8701249883466594
-1,260,0.9123376623376624,1.0,1,0.8971754588393883
-1,261,0.7644444444444445,1.0,1,0.9072602453428913
-1,262,0.8333333333333333,1.0,1,0.9197207891481877
-1,263,0.811024531024531,1.0,1,0.8048109992093389
-1,264,0.8634920634920635,1.0,1,0.9538469539548475
-1,265,0.9861111111111112,1.0,1,0.9963488021549354
-1,266,0.9305555555555556,1.0,1,0.9783978399515039
-1,267,0.9909090909090909,1.0,1,0.9363792118010483
-1,268,0.9733333333333333,1.0,1,0.933745776545611
-1,269,0.7445887445887445,1.0,1,0.7631121611424111
-1,270,0.9733333333333333,1.0,1,0.933745776545611
-1,271,0.8432900432900432,1.0,1,0.8627545507313896
-1,272,0.6362244897959184,1.0,1,0.7032779342457539
-1,273,0.81,1.0,1,0.9068250379649667
-1,274,0.8444444444444443,1.0,1,0.9456352704673575
-1,275,0.8073260073260072,1.0,1,0.7624164915943118
-1,276,0.9666666666666666,1.0,1,0.9896062251871525
-1,277,0.8308974358974358,1.0,1,0.77523873680463
-1,278,0.6607142857142857,0.5,2,0.7722948677529521
-1,279,0.941540404040404,1.0,1,0.8630152897016883
-1,280,1.0,1.0,1,1.0
-1,281,0.7972789115646257,1.0,1,0.9223960604395119
-1,282,0.9535634118967453,1.0,1,0.9216514835285048
-1,283,0.9191718775052108,1.0,1,0.9090719693810212
-1,284,0.8690476190476191,1.0,1,0.9561626706667608
-1,285,0.7729501054501053,1.0,1,0.7280855459907165
-1,286,0.9121503496503497,1.0,1,0.7967610662472993
-1,287,0.8697943722943722,1.0,1,0.8389574121760602
-1,288,0.9333333333333333,1.0,1,0.9796825595768971
-1,289,0.5884181096681097,0.5,2,0.5278432933752526
-1,290,0.30952380952380953,0.3333333333333333,3,0.5109559939712155
-1,291,0.8441043083900226,1.0,1,0.9447403758138471
-1,292,0.8954648526077098,1.0,1,0.9643632283499571
-1,293,0.7544444444444445,1.0,1,0.888111130388384
-1,294,0.7892857142857141,1.0,1,0.9192613539759861
-1,295,1.0,1.0,1,1.0
-1,296,0.6388888888888888,0.5,2,0.732828620477791
-1,297,0.81,1.0,1,0.9068250379649667
-1,298,0.9317956349206349,1.0,1,0.9782917460822231
-1,299,0.8592592592592592,1.0,1,0.9537123696623916
-1,300,0.495970695970696,0.5,2,0.6036129014964715
-1,301,0.3333333333333333,0.3333333333333333,3,0.5249810332008935
-1,302,0.7687074829931972,1.0,1,0.8948303255886799
-1,303,0.9999999999999999,1.0,1,1.0
-1,304,0.8520408163265305,1.0,1,0.8824642221139222
-1,305,0.7250000000000001,1.0,1,0.8775271469089743
-1,306,0.8708333333333333,1.0,1,0.958080399528401
-1,307,0.40436507936507937,0.5,2,0.536130193982575
-1,308,0.6908730158730159,1.0,1,0.7887616933979625
-1,309,0.8046142746142746,1.0,1,0.8048109992093389
-1,310,1.0,1.0,1,1.0
-1,311,0.7744122544122544,1.0,1,0.7353797772725615
-1,312,0.6436507936507936,1.0,1,0.7662270820121029
-1,313,0.8737698412698411,1.0,1,0.8899541168509599
-1,314,0.7231601731601731,1.0,1,0.734946898706997
-1,315,0.824458041958042,1.0,1,0.7720617383222416
-1,316,0.6590909090909091,1.0,1,0.6980575869171198
-1,317,0.8500927643784786,1.0,1,0.8752074730525697
-1,318,0.9861111111111112,1.0,1,0.9963488021549354
-1,319,0.911111111111111,1.0,1,0.9708923176105697
-1,320,0.8763257575757576,1.0,1,0.8909510095528638
-1,321,0.7945437278770613,1.0,1,0.7407933245435486
-1,322,0.8651385651385652,1.0,1,0.8317213551625274
-1,323,0.9444444444444444,1.0,1,0.9833032486989469
-1,324,0.9526289682539683,1.0,1,0.9860433320650158
-1,325,0.4712087912087912,0.5,2,0.5790560467042357
-1,326,0.7733225108225108,1.0,1,0.7381919257729244
-1,327,0.9622222222222222,1.0,1,0.9305687780632227
-1,328,0.885,1.0,1,0.9609247825245574
-1,329,0.9333333333333333,1.0,1,0.9796825595768971
-1,330,0.8083333333333333,1.0,1,0.9270192549176082
-1,331,0.34424242424242424,0.2,5,0.4521530611661046
-1,332,0.9444444444444444,1.0,1,0.9833032486989469
-1,333,0.9060405643738978,1.0,1,0.9667147927059906
-1,334,0.5453968253968253,0.5,2,0.7064104889703594
-1,335,0.9583333333333334,1.0,1,0.9876712785649564
-1,336,0.6592857142857143,1.0,1,0.8364801667538003
-1,337,0.885,1.0,1,0.9609247825245574
-1,338,0.8645212811879479,1.0,1,0.830723452909526
-1,339,0.9464285714285713,1.0,1,0.8701249883466594
-1,340,0.8634663865546218,1.0,1,0.7967610662472993
-1,341,0.8956845238095239,1.0,1,0.9641803458261542
-1,342,0.5660714285714286,0.5,2,0.7221068435844155
-1,343,0.9666666666666666,1.0,1,0.9896062251871525
-1,344,0.8049242424242424,1.0,1,0.7751482523375255
-1,345,0.8972222222222223,1.0,1,0.9651366671790967
-1,346,0.6637464387464387,1.0,1,0.7237748791694038
-1,347,0.6746031746031746,1.0,1,0.8663365527202843
-1,348,1.0,1.0,1,1.0000000000000002
-1,349,0.9266666666666665,1.0,1,0.9747429528567878
-1,350,0.755048076923077,1.0,1,0.7752577464253014
-1,351,0.8766233766233766,1.0,1,0.8760157235037966
-1,352,0.7438492063492064,1.0,1,0.8980061802949082
-1,353,0.9166666666666667,1.0,1,0.892210845475489
-1,354,0.8333333333333333,1.0,1,0.9197207891481877
-1,355,0.5,0.5,2,0.6653497124326151
-1,356,0.85995670995671,1.0,1,0.8767055912339933
-1,357,0.3333333333333333,0.3333333333333333,3,0.5
-1,358,0.9761904761904762,1.0,1,0.9930783166417602
-1,359,0.5961904761904762,0.5,2,0.7251243965469422
-1,360,0.8010204081632653,1.0,1,0.9060294224445281
-1,361,0.9305555555555556,1.0,1,0.9783978399515039
-1,362,0.7592857142857143,1.0,1,0.9043980816456214
-1,363,0.8722222222222221,1.0,1,0.9571479481910375
-1,364,0.9042063492063491,1.0,1,0.8572048559638626
-1,365,1.0,1.0,1,1.0
-1,366,0.7961904761904761,1.0,1,0.9182162519778518
-1,367,0.8891558441558441,1.0,1,0.7909506325094736
-1,368,0.6968253968253968,1.0,1,0.8752903992561911
-1,369,0.71,0.5,2,0.7816510974258781
-1,370,0.4768253968253968,0.5,2,0.6673352714949168
-1,371,0.9769230769230769,1.0,1,0.9363792118010483
-1,372,0.6271825396825397,1.0,1,0.8148744686404846
-1,373,0.8095238095238095,1.0,1,0.9217868789962073
-1,374,0.8278418803418802,1.0,1,0.8318477135310891
-1,375,0.8833333333333334,1.0,1,0.9607686373130874
-1,376,0.7209090909090909,1.0,1,0.7972541056822071
-1,377,0.774100899100899,1.0,1,0.7254521107352793
-1,378,0.941540404040404,1.0,1,0.8630152897016883
-1,379,0.8333333333333333,1.0,1,0.9197207891481877
-1,380,0.6906084656084656,1.0,1,0.8636589746497281
-1,381,0.7687074829931972,1.0,1,0.8948303255886799
-1,382,1.0000000000000002,1.0,1,1.0
-1,383,0.7798185941043083,1.0,1,0.8981192674612325
-1,384,0.8261904761904761,1.0,1,0.9330795243082165
-1,385,0.5833333333333333,0.5,2,0.6934264036172708
-1,386,0.982142857142857,1.0,1,0.9950883841893562
-1,387,0.6666666666666666,1.0,1,0.8315546295836228
-1,388,0.7027777777777777,0.5,2,0.7884899897246445
-1,389,0.9704861111111112,1.0,1,0.9918291064614978
-1,390,0.7683333333333333,1.0,1,0.8930068676327363
-1,391,0.9999999999999999,1.0,1,1.0
-1,392,0.7084623709623709,1.0,1,0.6390097281865127
-1,393,0.8352669552669552,1.0,1,0.7682269253321374
-1,394,0.6476190476190475,1.0,1,0.8406442981991477
-1,395,0.9666666666666666,1.0,1,0.9896062251871525
-1,396,0.8583333333333332,1.0,1,0.9505310077117098
-1,397,0.8631519274376416,1.0,1,0.9531641314941091
-1,398,0.9028571428571428,1.0,1,0.9669850519151657
-1,399,0.8261904761904761,1.0,1,0.9330795243082165
-1,400,0.9400000000000001,1.0,1,0.933745776545611
-1,401,0.7493265993265992,1.0,1,0.7671490385915719
-1,402,0.6366666666666667,1.0,1,0.7372449353281586
-1,403,0.9367346938775509,1.0,1,0.9815441540827996
-1,404,0.7166666666666667,0.5,2,0.7928580195906539
-1,405,0.8253968253968254,1.0,1,0.9378773695257354
-1,406,0.8242424242424242,1.0,1,0.8576502177322107
-1,407,0.8211111111111111,1.0,1,0.9325172924861034
-1,408,0.6762832405689548,0.5,2,0.7099567630410613
-1,409,0.8227678571428572,1.0,1,0.9135277613190137
-1,410,0.8261904761904761,1.0,1,0.9330795243082165
-1,411,0.6190476190476191,1.0,1,0.8268261278669172
-1,412,0.9761904761904762,1.0,1,0.9930783166417602
-1,413,0.7551948051948052,1.0,1,0.8122682216087223
-1,414,0.8392857142857142,1.0,1,0.9427731067700877
-1,415,0.925,1.0,1,0.975788054854922
-1,416,0.25,0.25,4,0.4306765580733929
-1,417,0.7416666666666667,1.0,1,0.8826130928198888
-1,418,0.8152777777777777,1.0,1,0.9355457881425414
-1,419,0.8253968253968254,1.0,1,0.9378773695257354
-1,420,0.9999999999999999,1.0,1,1.0
-1,421,0.947845804988662,1.0,1,0.9848330959553522
-1,422,0.7476190476190476,1.0,1,0.8122682216087223
-1,423,0.9031092436974789,1.0,1,0.8643145546088338
-1,424,0.7449891774891775,1.0,1,0.721801830382049
-1,425,0.9028571428571428,1.0,1,0.9669850519151657
-1,426,0.9379251700680271,1.0,1,0.98037714746389
-1,427,1.0,1.0,1,1.0
-1,428,0.7199891774891773,1.0,1,0.7000949683025057
-1,429,0.7320818070818071,1.0,1,0.8021574504628256
-1,430,0.45238095238095233,0.3333333333333333,3,0.6337342724360074
-1,431,0.8761904761904762,1.0,1,0.9565912771023182
-1,432,0.40192307692307694,0.5,2,0.5272750663607826
-1,433,0.6961904761904762,1.0,1,0.8502983370860308
-1,434,1.0,1.0,1,1.0000000000000002
-1,435,0.8301587301587301,1.0,1,0.9409528262193452
-1,436,0.925,1.0,1,0.975788054854922
-1,437,0.8119642857142856,1.0,1,0.78180487222265
-1,438,0.24074074074074076,0.2,5,0.45846073882962923
-1,439,0.8711111111111112,1.0,1,0.9560290452802052
-1,440,0.6961904761904762,1.0,1,0.8502983370860308
-1,441,0.65,1.0,1,0.8326783988613895
-1,442,0.4769230769230769,0.5,2,0.5043776700708299
-1,443,0.6666666666666666,1.0,1,0.8315546295836228
-1,444,0.835,1.0,1,0.9374130297304557
-1,445,0.9028571428571428,1.0,1,0.9669850519151657
-1,446,0.8629476079476079,1.0,1,0.8364586133797036
-1,447,0.7801587301587302,1.0,1,0.897617883552293
-1,448,0.715532879818594,1.0,1,0.8585940263540549
-1,449,0.9332467532467531,1.0,1,0.8643145546088338
-1,450,1.0,1.0,1,1.0
-1,451,0.8274170274170274,1.0,1,0.866328050053126
-1,452,0.7750428656311009,1.0,1,0.7280855459907165
-1,453,0.8857142857142857,1.0,1,0.9642409754030938
-1,454,0.5523809523809524,1.0,1,0.7052750892414585
-1,455,0.8833333333333333,1.0,1,0.8687949224876582
-1,456,0.925,1.0,1,0.975788054854922
-1,457,0.9305555555555556,1.0,1,0.9783978399515039
-1,458,0.8494977244977245,1.0,1,0.7778721720600672
-1,459,0.6555555555555554,1.0,1,0.8395700624665825
-1,460,0.33730158730158727,0.25,4,0.5256940434743355
-1,461,0.7388888888888889,1.0,1,0.8993515008051186
-1,462,0.8766666666666667,1.0,1,0.9512312000626861
-1,463,0.6428571428571428,1.0,1,0.8276904491046956
-1,464,0.911111111111111,1.0,1,0.9708923176105697
-1,465,0.33730158730158727,0.25,4,0.5256940434743355
-1,466,0.885,1.0,1,0.9609247825245574
-1,467,0.7857142857142856,1.0,1,0.8357799744028239
-1,468,0.886600899100899,1.0,1,0.791726719367984
-1,469,0.8660958485958484,1.0,1,0.8415908474314976
-1,470,0.81,1.0,1,0.9068250379649667
-1,471,0.8321348404681739,1.0,1,0.8517027694298509
-1,472,1.0,1.0,1,1.0000000000000002
-1,473,0.9028571428571428,1.0,1,0.9669850519151657
-1,474,0.8968253968253967,1.0,1,0.9671081267272547
-1,475,0.9658119658119659,1.0,1,0.9292442392789195
-1,476,0.49090909090909085,0.5,2,0.5892989779209328
-1,477,0.5845238095238094,0.5,2,0.7226387152952867
-1,478,0.8083333333333333,1.0,1,0.9270192549176082
-1,479,0.9999999999999999,1.0,1,1.0
-1,480,0.5375,0.3333333333333333,3,0.6019371534117193
-1,481,0.8766666666666667,1.0,1,0.9512312000626861
-1,482,0.29166666666666663,0.3333333333333333,3,0.5000000000000001
-1,483,0.6716269841269841,1.0,1,0.8491130822519277
-1,484,0.7909090909090908,1.0,1,0.8297197050122156
-1,485,1.0,1.0,1,1.0
-1,486,0.6944444444444444,1.0,1,0.863899185243306
-1,487,0.7295238095238095,1.0,1,0.8738100898801324
-1,488,0.6176190476190475,1.0,1,0.7294870343865365
-1,489,0.8111111111111111,1.0,1,0.9318171001351272
-1,490,0.7327380952380952,1.0,1,0.8943854911728584
-1,491,0.8923595848595848,1.0,1,0.9052116356304493
-1,492,0.6186868686868686,1.0,1,0.7446249219636067
-1,493,0.8385281385281385,1.0,1,0.869448842172641
-1,494,0.8769230769230769,1.0,1,0.889918709778036
-1,495,0.4875124875124875,1.0,1,0.48522855511632257
-1,496,1.0,1.0,1,1.0
-1,497,0.6429594017094017,1.0,1,0.5326208815196265
-1,498,0.7297979797979797,1.0,1,0.8013122149737616
-1,499,0.6635897435897435,1.0,1,0.7607566881222604
-1,500,0.7342857142857142,1.0,1,0.8954442351097146
-1,501,0.6464674758792406,1.0,1,0.7279747803558243
-1,502,0.7689177489177489,1.0,1,0.7353797772725615
-1,503,0.7,1.0,1,0.8529278650606568
-1,504,0.925,1.0,1,0.975788054854922
-1,505,0.5301587301587302,0.5,2,0.7057102966193831
-1,506,0.6723905723905723,1.0,1,0.7698477711341527
-1,507,0.8968253968253967,1.0,1,0.9671081267272547
-1,508,0.7551948051948052,1.0,1,0.8122682216087223
-1,509,0.5961904761904762,0.5,2,0.7251243965469422
-1,510,0.7961904761904761,1.0,1,0.9182162519778518
-1,511,0.6544444444444444,0.5,2,0.7629371898492954
-1,512,0.607936507936508,0.5,2,0.7380562541415089
-1,513,0.7180555555555554,0.5,2,0.7388864036938406
-1,514,0.9761904761904762,1.0,1,0.9930783166417602
-1,515,0.6544444444444444,0.5,2,0.7629371898492954
-1,516,0.6726190476190477,1.0,1,0.8495981447350545
-1,517,0.8392857142857142,1.0,1,0.9427731067700877
-1,518,0.7688492063492063,1.0,1,0.9112673530673152
-1,519,0.7683333333333333,1.0,1,0.8930068676327363
-1,520,0.5311111111111111,0.3333333333333333,3,0.6697622278142621
-1,521,0.7577380952380952,1.0,1,0.9076466639452654
-1,522,0.8857142857142857,1.0,1,0.9634874376052048
-1,523,0.7806267806267806,1.0,1,0.8437060441751238
-1,524,0.8444444444444443,1.0,1,0.9456352704673575
-1,525,0.823469387755102,1.0,1,0.8664503029999893
-1,526,0.7968253968253969,1.0,1,0.9044067485064368
-1,527,0.6064814814814815,0.5,2,0.6714273965866809
-1,528,0.7232993197278912,1.0,1,0.886759288789469
-1,529,0.81,1.0,1,0.9068250379649667
-1,530,0.6977777777777778,1.0,1,0.8628540832451719
-1,531,0.885,1.0,1,0.9609247825245574
-1,532,0.5084415584415585,1.0,1,0.5730249097309825
-1,533,0.5537798312798313,0.3333333333333333,3,0.4775044032080689
-1,534,0.8284090909090909,1.0,1,0.8573475126545858
-1,535,0.5634920634920635,1.0,1,0.782115437221158
-1,536,0.888888888888889,1.0,1,0.8829374068620365
-1,537,0.9704861111111112,1.0,1,0.9918291064614978
-1,538,0.9087301587301586,1.0,1,0.9714977244644463
-1,539,0.8333333333333333,1.0,1,0.941577161175803
-1,540,0.7342424242424244,1.0,1,0.7860137352654725
-1,541,0.41666666666666663,0.3333333333333333,3,0.57064171895532
-1,542,1.0,1.0,1,1.0000000000000002
-1,543,0.8734126984126984,1.0,1,0.9495662644168644
-1,544,0.8392857142857142,1.0,1,0.9427731067700877
-1,545,1.0,1.0,1,1.0
-1,546,0.9666666666666666,1.0,1,0.9896062251871525
-1,547,0.8857142857142857,1.0,1,0.9634874376052048
-1,548,0.9583333333333334,1.0,1,0.9876712785649564
-1,549,0.9367346938775509,1.0,1,0.9815441540827996
-1,550,0.7366666666666666,1.0,1,0.8051628502199798
-1,551,0.9123376623376624,1.0,1,0.8971754588393883
-1,552,0.9051066217732886,1.0,1,0.905869970447602
-1,553,0.7595238095238095,1.0,1,0.8886733622104971
-1,554,0.711111111111111,1.0,1,0.8830483001978133
-1,555,0.7544444444444445,1.0,1,0.888111130388384
-1,556,1.0,1.0,1,1.0
-1,557,0.8528571428571428,1.0,1,0.943473299121064
-1,558,0.915079365079365,1.0,1,0.9705437052559006
-1,559,0.7688492063492063,1.0,1,0.9112673530673152
-1,560,1.0,1.0,1,1.0
-1,561,0.8111111111111111,1.0,1,0.9318171001351272
-1,562,0.9266666666666665,1.0,1,0.9747429528567878
-1,563,0.5111111111111111,0.5,2,0.6899564447669035
-1,564,1.0,1.0,1,1.0
-1,565,0.7996031746031746,1.0,1,0.9235960745023588
-1,566,0.5771825396825396,0.5,2,0.7257275327064653
-1,567,1.0,1.0,1,1.0
-1,568,0.95,1.0,1,0.9828920819566879
-1,569,0.8305555555555555,1.0,1,0.9361705073520014
-1,570,0.9761904761904762,1.0,1,0.9930783166417602
-1,571,0.9666666666666666,1.0,1,0.9896062251871525
-1,572,0.7783333333333333,1.0,1,0.9121559825872436
-1,573,0.5555555555555556,0.5,2,0.6978817289434459
-1,574,1.0,1.0,1,1.0
-1,575,0.7783333333333333,1.0,1,0.9121559825872436
-1,576,1.0,1.0,1,1.0
-1,577,0.7595238095238095,1.0,1,0.8886733622104971
-1,578,1.0,1.0,1,1.0
-1,579,0.9428571428571428,1.0,1,0.9818483242455303
-1,580,1.0,1.0,1,1.0
-1,581,0.8392857142857142,1.0,1,0.9427731067700877
-1,582,0.9583333333333334,1.0,1,0.9876712785649564
-1,583,0.8555555555555556,1.0,1,0.9441592263400607
-1,584,0.9666666666666666,1.0,1,0.9896062251871525
-1,585,1.0,1.0,1,1.0
-1,586,0.5902777777777778,0.5,2,0.7271360547643253
-1,587,0.7980115122972264,1.0,1,0.8580265473197273
-1,588,0.9129251700680272,1.0,1,0.9731203984025376
-1,589,0.8,1.0,1,0.9045395669105327
-1,590,0.6109090909090908,1.0,1,0.7234267649959282
-1,591,0.5628571428571428,0.3333333333333333,3,0.6807182344492226
-1,592,0.7469336219336219,1.0,1,0.7123736502858729
-1,593,0.6544444444444444,0.5,2,0.7629371898492954
-1,594,0.9240362811791383,1.0,1,0.9764093402750902
-1,595,0.6276643990929706,1.0,1,0.7640559697642553
-1,596,0.731111111111111,1.0,1,0.8934420750106609
-1,597,0.8857142857142857,1.0,1,0.9634874376052048
-1,598,1.0,1.0,1,1.0
-1,599,1.0,1.0,1,1.0
-1,600,0.8761904761904762,1.0,1,0.9565912771023182
-1,601,0.6912087912087912,1.0,1,0.78701117446551
-1,602,0.9166666666666665,1.0,1,0.9674679834891693
-1,603,0.7416666666666667,1.0,1,0.8826130928198888
-1,604,0.7577380952380952,1.0,1,0.9076466639452654
-1,605,0.75,1.0,1,0.9042472380494709
-1,606,0.7976190476190477,1.0,1,0.8357799744028239
-1,607,0.8803418803418802,1.0,1,0.793584067764911
-1,608,0.9484126984126984,1.0,1,0.9838048780283076
-1,609,0.7087301587301587,1.0,1,0.8699594546339143
-1,610,0.8857142857142857,1.0,1,0.9634874376052048
-1,611,0.6271825396825397,1.0,1,0.8148744686404846
-1,612,0.6893939393939394,1.0,1,0.6992148198508501
-1,613,0.8369230769230769,1.0,1,0.8539316501572936
-1,614,0.7433333333333334,1.0,1,0.8840530210968295
-1,615,0.8138888888888889,1.0,1,0.8486987932505933
-1,616,0.8690476190476191,1.0,1,0.9561626706667608
-1,617,0.8409090909090908,1.0,1,0.8626199664389336
-1,618,0.9666666666666666,1.0,1,0.9896062251871525
-1,619,0.8392857142857142,1.0,1,0.9427731067700877
-1,620,0.8644345238095239,1.0,1,0.9466454870600814
-1,621,0.8687074829931973,1.0,1,0.9579534943578897
-1,622,0.8211111111111111,1.0,1,0.9325172924861034
-1,623,0.7544444444444445,1.0,1,0.888111130388384
-1,624,0.7642857142857142,1.0,1,0.9103075074400792
-1,625,0.8528571428571428,1.0,1,0.943473299121064
-1,626,0.6683333333333333,0.5,2,0.7678329270936477
-1,627,0.7753968253968253,1.0,1,0.9143656167316337
-1,628,0.5392857142857143,0.5,2,0.7009124514018642
-1,629,1.0,1.0,1,1.0
-1,630,0.8253968253968254,1.0,1,0.9378773695257354
-1,631,0.9266666666666665,1.0,1,0.9747429528567878
-1,632,0.8711111111111112,1.0,1,0.9560290452802052
-1,633,0.925,1.0,1,0.975788054854922
-1,634,0.6935897435897436,1.0,1,0.7756199604526249
-1,635,0.8617424242424243,1.0,1,0.8706086854269928
-1,636,0.9459876543209877,1.0,1,0.9216514835285048
-1,637,0.9428571428571428,1.0,1,0.9818483242455303
-1,638,0.8261904761904761,1.0,1,0.9330795243082165
-1,639,0.8477564102564102,1.0,1,0.8706086854269928
-1,640,0.9583333333333334,1.0,1,0.9876712785649564
-1,641,0.8631519274376418,1.0,1,0.9531641314941091
-1,642,0.9666666666666666,1.0,1,0.9896062251871525
-1,643,0.7544444444444445,1.0,1,0.888111130388384
-1,644,0.6641558441558442,1.0,1,0.6843515475204855
-1,645,0.5957722832722833,0.5,2,0.6688737430944506
-1,646,0.6038548752834467,0.5,2,0.6830771614435988
-1,647,0.8555555555555556,1.0,1,0.9441592263400607
-1,648,0.9583333333333334,1.0,1,0.9876712785649564
-1,649,0.8972222222222223,1.0,1,0.9651366671790967
-1,650,0.885,1.0,1,0.9609247825245574
-1,651,0.9428571428571428,1.0,1,0.9818483242455303
-1,652,0.5968253968253969,1.0,1,0.80737248436437
-1,653,0.885,1.0,1,0.9609247825245574
-1,654,0.8766666666666667,1.0,1,0.9512312000626861
-1,655,0.6683333333333333,0.5,2,0.7678329270936477
-1,656,0.7853741496598639,1.0,1,0.9184282532507121
-1,657,0.8734126984126984,1.0,1,0.9495662644168644
-1,658,0.8357142857142856,1.0,1,0.8627545507313896
-1,659,0.9378174603174602,1.0,1,0.9266360779006398
-1,660,0.680952380952381,1.0,1,0.7678620595110027
-1,661,0.9666666666666666,1.0,1,0.9896062251871525
-1,662,0.5961904761904762,0.5,2,0.7251243965469422
-1,663,0.6771825396825397,1.0,1,0.8547658317433305
-1,664,0.9666666666666666,1.0,1,0.9896062251871525
-1,665,0.47757575757575754,0.3333333333333333,3,0.5538466623591202
-1,666,0.8766666666666667,1.0,1,0.9512312000626861
-1,667,1.0,1.0,1,1.0
-1,668,0.8773809523809524,1.0,1,0.958214983820857
-1,669,0.8261904761904761,1.0,1,0.9330795243082165
-1,670,0.7861904761904761,1.0,1,0.8990671370233446
-1,671,0.7801587301587302,1.0,1,0.897617883552293
-1,672,0.9028571428571428,1.0,1,0.9669850519151657
-1,673,0.9333333333333333,1.0,1,0.9796825595768971
-1,674,0.5214646464646464,1.0,1,0.6690620354632858
-1,675,0.9666666666666666,1.0,1,0.9896062251871525
-1,676,0.5911111111111111,1.0,1,0.8002671129756276
-1,677,0.8083333333333333,1.0,1,0.9270192549176082
-1,678,0.6644444444444444,1.0,1,0.8490359129129414
-1,679,0.8051948051948052,1.0,1,0.8357799744028239
-1,680,0.7595238095238095,1.0,1,0.8886733622104971
-1,681,0.9266666666666665,1.0,1,0.9747429528567878
-1,682,0.8107142857142856,1.0,1,0.9292488239937616
-1,683,0.81,1.0,1,0.9068250379649667
-1,684,0.9428571428571428,1.0,1,0.9818483242455303
-1,685,0.835,1.0,1,0.9374130297304557
-1,686,0.6253968253968254,1.0,1,0.8211906546966005
-1,687,1.0,1.0,1,1.0
-1,688,0.8612768184196755,1.0,1,0.8816172070446372
-1,689,0.5768253968253969,1.0,1,0.7925092120340055
-1,690,0.8255625327053897,1.0,1,0.8625618335428547
-1,691,0.7972789115646257,1.0,1,0.9223960604395119
-1,692,0.9666666666666666,1.0,1,0.9896062251871525
-1,693,0.44666666666666666,0.3333333333333333,3,0.626628901047265
-1,694,0.8528571428571428,1.0,1,0.943473299121064
-1,695,0.7416666666666667,1.0,1,0.8826130928198888
-1,696,1.0,1.0,1,1.0
-1,697,0.8766666666666667,1.0,1,0.9512312000626861
-1,698,0.8766666666666667,1.0,1,0.9512312000626861
-1,699,0.9266666666666665,1.0,1,0.9747429528567878
-1,700,0.7142857142857142,1.0,1,0.8850504602968671
-1,701,0.41,0.3333333333333333,3,0.5196357686800012
-1,702,0.8676870748299319,1.0,1,0.8816172070446372
-1,703,1.0,1.0,1,1.0
-1,704,0.7544444444444445,1.0,1,0.888111130388384
-1,705,0.8253968253968254,1.0,1,0.9378773695257354
-1,706,0.876984126984127,1.0,1,0.8829374068620365
-1,707,0.6977777777777778,1.0,1,0.8628540832451719
-1,708,0.5930555555555554,0.5,2,0.7326492160647051
-1,709,0.8055555555555556,1.0,1,0.9060254355346823
-1,710,0.5904761904761904,1.0,1,0.7287868420355602
-1,711,0.911111111111111,1.0,1,0.9708923176105697
-1,712,0.7595238095238095,1.0,1,0.8886733622104971
-1,713,0.6861904761904761,0.5,2,0.7738931964842559
-1,714,0.8486111111111112,1.0,1,0.9484399158780438
-1,715,0.6277777777777778,0.5,2,0.7525434150364478
-1,716,0.9666666666666666,1.0,1,0.9896062251871525
-1,717,0.7592857142857143,1.0,1,0.9043980816456214
-1,718,1.0,1.0,1,1.0
-1,719,0.81,1.0,1,0.9068250379649667
-1,720,0.9428571428571428,1.0,1,0.9818483242455303
-1,721,1.0,1.0,1,1.0
-1,722,0.5911111111111111,1.0,1,0.8002671129756276
-1,723,0.711111111111111,1.0,1,0.8830483001978133
-1,724,0.6644444444444444,1.0,1,0.8490359129129414
-1,725,0.911111111111111,1.0,1,0.9708923176105697
-1,726,0.6861904761904761,0.5,2,0.7738931964842559
-1,727,0.8909090909090909,1.0,1,0.8687949224876582
-1,728,0.6926190476190477,1.0,1,0.859991919547902
-1,729,0.8773809523809524,1.0,1,0.958214983820857
-1,730,0.7642857142857142,1.0,1,0.9103075074400792
-1,731,0.8599999999999999,1.0,1,0.9519709359886506
-1,732,0.7287037037037036,1.0,1,0.8798540966214204
-1,733,0.7595238095238095,1.0,1,0.8886733622104971
-1,734,0.5771825396825396,0.5,2,0.7338108458099991
-1,735,0.9428571428571428,1.0,1,0.9818483242455303
-1,736,0.37103174603174605,0.25,4,0.5662515649221108
-1,737,0.9266666666666665,1.0,1,0.9747429528567878
-1,738,0.9428571428571428,1.0,1,0.9818483242455303
-1,739,0.7611111111111111,1.0,1,0.9083053473410254
-1,740,0.7683333333333333,1.0,1,0.8930068676327363
-1,741,0.9666666666666666,1.0,1,0.9896062251871525
-1,742,0.7438492063492064,1.0,1,0.8980061802949082
-1,743,0.9666666666666666,1.0,1,0.9896062251871525
-1,744,1.0,1.0,1,1.0
-1,745,0.9428571428571428,1.0,1,0.9818483242455303
-1,746,0.85,1.0,1,0.9447176050778178
-1,747,0.6190476190476191,1.0,1,0.8268261278669172
-1,748,0.7961904761904761,1.0,1,0.9182162519778518
-1,749,0.9583333333333334,1.0,1,0.9876712785649564
-1,750,0.8261904761904761,1.0,1,0.9330795243082165
-1,751,0.8666666666666667,1.0,1,0.8687949224876582
-1,752,0.7544444444444445,1.0,1,0.888111130388384
-1,753,0.925,1.0,1,0.975788054854922
-1,754,0.835,1.0,1,0.9374130297304557
-1,755,0.835,1.0,1,0.9374130297304557
-1,756,0.5595238095238095,0.5,2,0.7106752765782571
-1,757,0.8273809523809524,1.0,1,0.9409957666221128
-1,758,1.0,1.0,1,1.0
-1,759,0.680952380952381,1.0,1,0.78701117446551
-1,760,0.8968253968253967,1.0,1,0.9671081267272547
-1,761,0.925,1.0,1,0.975788054854922
-1,762,0.6166666666666667,1.0,1,0.7365447429771823
-1,763,0.7342857142857142,1.0,1,0.8954442351097146
-1,764,0.8111111111111111,1.0,1,0.9318171001351272
-1,765,0.5726190476190476,0.5,2,0.7244242041959659
-1,766,0.7813448456305598,1.0,1,0.8473949294982067
-1,767,0.6592857142857143,1.0,1,0.8364801667538003
-1,768,0.5787301587301587,0.5,2,0.7299222417644611
-1,769,0.6592857142857143,1.0,1,0.8364801667538003
-1,770,0.7801587301587302,1.0,1,0.897617883552293
-1,771,0.6926190476190477,1.0,1,0.859991919547902
-1,772,0.7892857142857141,1.0,1,0.9192613539759861
-1,773,0.2777777777777778,0.2,5,0.4843542209360028
-1,774,0.8555555555555556,1.0,1,0.9441592263400607
-1,775,0.800909090909091,1.0,1,0.8304198973631919
-1,776,0.8090909090909091,1.0,1,0.7751482523375255
-1,777,0.810515873015873,1.0,1,0.9322447939063514
-1,778,0.7453968253968253,1.0,1,0.8995023444012691
-1,779,1.0,1.0,1,1.0
-1,780,0.7976190476190477,1.0,1,0.8357799744028239
-1,781,0.5111111111111111,0.5,2,0.6899564447669035
-1,782,0.6944444444444444,1.0,1,0.863899185243306
-1,783,0.5783333333333333,0.5,2,0.7190641271563338
-1,784,0.5,0.5,2,0.6309297535714573
-1,785,0.6926190476190477,1.0,1,0.859991919547902
-1,786,0.7295238095238095,1.0,1,0.8738100898801324
-1,787,0.925,1.0,1,0.975788054854922
-1,788,1.0,1.0,1,1.0
-1,789,0.533131313131313,0.5,2,0.6168688400065889
-1,790,0.8261904761904761,1.0,1,0.9330795243082165
-1,791,0.9028571428571428,1.0,1,0.9669850519151657
-1,792,0.6944444444444444,1.0,1,0.863899185243306
-1,793,0.9266666666666665,1.0,1,0.9747429528567878
-1,794,0.9428571428571428,1.0,1,0.9818483242455303
-1,795,0.9666666666666666,1.0,1,0.9896062251871525
-1,796,0.7075757575757575,1.0,1,0.7756199604526249
-1,797,0.6683333333333333,0.5,2,0.7678329270936477
-1,798,0.900974025974026,1.0,1,0.8358912271816661
-1,799,0.7295238095238095,1.0,1,0.8738100898801324
-1,800,0.9028571428571428,1.0,1,0.9669850519151657
-1,801,0.925,1.0,1,0.975788054854922
-1,802,0.6787301587301586,1.0,1,0.8550961823035497
-1,803,0.7861904761904761,1.0,1,0.8990671370233446
-1,804,0.7944444444444445,1.0,1,0.9221235176732558
-1,805,1.0,1.0,1,1.0
-1,806,0.8392857142857142,1.0,1,0.9427731067700877
-1,807,0.9428571428571428,1.0,1,0.9818483242455303
-1,808,0.773611111111111,1.0,1,0.9145683473035052
-1,809,0.925,1.0,1,0.975788054854922
-1,810,0.9666666666666666,1.0,1,0.9896062251871525
-1,811,0.7884920634920634,1.0,1,0.9199753853803091
-1,812,0.71,0.5,2,0.7816510974258781
-1,813,0.6968253968253968,1.0,1,0.8752903992561911
-1,814,0.7392857142857143,1.0,1,0.8940043068327739
-1,815,0.7644444444444445,1.0,1,0.9072602453428913
-1,816,0.835,1.0,1,0.9374130297304557
-1,817,0.7644444444444445,1.0,1,0.9072602453428913
-1,818,0.6844246031746032,0.5,2,0.7873809837758804
-1,819,0.6458333333333333,0.5,2,0.7486761295186739
-1,820,1.0,1.0,1,1.0
-1,821,0.7861904761904761,1.0,1,0.8990671370233446
-1,822,0.740909090909091,1.0,1,0.8062079522181139
-1,823,0.7592857142857143,1.0,1,0.9043980816456214
-1,824,0.6392857142857142,1.0,1,0.8260863919409528
-1,825,0.5,0.5,2,0.6719882468370723
-1,826,0.6961904761904762,1.0,1,0.8502983370860308
-1,827,0.8833333333333334,1.0,1,0.9607686373130874
-1,828,0.5644444444444444,0.5,2,0.7238619723738527
-1,829,0.9266666666666665,1.0,1,0.9747429528567878
-1,830,0.72,1.0,1,0.8051628502199798
-1,831,0.3972222222222222,0.3333333333333333,3,0.5975212186578347
-1,832,0.4642857142857143,0.3333333333333333,3,0.5495131569368809
-1,833,0.7611111111111111,1.0,1,0.9083053473410254
-1,834,0.9305555555555556,1.0,1,0.9783978399515039
-1,835,0.9266666666666665,1.0,1,0.9747429528567878
-1,836,0.9266666666666665,1.0,1,0.9747429528567878
-1,837,0.6277777777777778,0.5,2,0.7525434150364478
-1,838,0.75,1.0,1,0.9042472380494709
-1,839,0.8261904761904761,1.0,1,0.9330795243082165
-1,840,0.7416666666666667,1.0,1,0.8826130928198888
-1,841,0.4411111111111111,0.25,4,0.6071752575447178
-1,842,0.7944444444444445,1.0,1,0.9221235176732558
-1,843,0.7833333333333332,1.0,1,0.9180654083817014
-1,844,0.835,1.0,1,0.9374130297304557
-1,845,1.0,1.0,1,1.0
-1,846,0.8761904761904762,1.0,1,0.9565912771023182
-1,847,0.8392857142857142,1.0,1,0.9427731067700877
-1,848,0.7453968253968253,1.0,1,0.8995023444012691
-1,849,1.0,1.0,1,1.0
-1,850,0.8766666666666667,1.0,1,0.9512312000626861
-1,851,0.5131313131313131,0.5,2,0.6064750651937414
-1,852,0.8253968253968254,1.0,1,0.9378773695257354
-1,853,0.8833333333333333,1.0,1,0.8687949224876582
-1,854,0.7611111111111111,1.0,1,0.9052181617170639
-1,855,0.9583333333333334,1.0,1,0.9876712785649564
-1,856,1.0,1.0,1,1.0
-1,857,0.835,1.0,1,0.9374130297304557
-1,858,0.6644444444444444,1.0,1,0.8490359129129414
-1,859,0.7753968253968253,1.0,1,0.9143656167316337
-1,860,0.8211111111111111,1.0,1,0.9325172924861034
-1,861,0.8766666666666667,1.0,1,0.9512312000626861
-1,862,0.81,1.0,1,0.9068250379649667
-1,863,0.9484126984126984,1.0,1,0.9838048780283076
-1,864,0.8761904761904762,1.0,1,0.9565912771023182
-1,865,0.6166666666666666,0.5,2,0.7484853057448932
-1,866,0.885,1.0,1,0.9609247825245574
-1,867,0.9666666666666666,1.0,1,0.9896062251871525
-1,868,0.8766666666666667,1.0,1,0.9512312000626861
-1,869,0.7861904761904761,1.0,1,0.8990671370233446
-1,870,0.7,1.0,1,0.8789901909062587
-1,871,0.7226190476190475,1.0,1,0.8748551918782667
-1,872,0.6301587301587301,1.0,1,0.8308842371584717
-1,873,0.5,0.5,2,0.6309297535714573
-1,874,0.8211111111111111,1.0,1,0.9325172924861034
-1,875,0.7453968253968253,1.0,1,0.8995023444012691
-1,876,0.81,1.0,1,0.9068250379649667
-1,877,0.8999999999999999,1.0,1,0.9668342083190152
-1,878,0.9666666666666666,1.0,1,0.9896062251871525
-1,879,0.8051948051948052,1.0,1,0.8357799744028239
-1,880,0.8242424242424242,1.0,1,0.843537875344446
-1,881,0.8999999999999999,1.0,1,0.9668342083190152
-1,882,0.7861904761904761,1.0,1,0.8990671370233446
-1,883,0.6053968253968254,1.0,1,0.8063273823662359
-1,884,1.0,1.0,1,1.0
-1,885,0.7961904761904761,1.0,1,0.9182162519778518
-1,886,0.5023809523809524,0.5,2,0.6036129014964715
-1,887,0.7416666666666667,1.0,1,0.8826130928198888
-1,888,0.8999999999999999,1.0,1,0.9668342083190152
-1,889,0.7544444444444445,1.0,1,0.888111130388384
-1,890,1.0,1.0,1,1.0
-1,891,0.5742424242424242,0.5,2,0.6366278495813059
-1,892,0.835,1.0,1,0.9374130297304557
-1,893,0.9266666666666665,1.0,1,0.9747429528567878
-1,894,1.0,1.0,1,1.0
-1,895,0.9666666666666666,1.0,1,0.9896062251871525
-1,896,0.925,1.0,1,0.975788054854922
-1,897,0.5909090909090908,1.0,1,0.6713860725233041
-1,898,0.6977777777777778,1.0,1,0.8628540832451719
-1,899,0.9428571428571428,1.0,1,0.9818483242455303
-1,900,0.835,1.0,1,0.9374130297304557
-1,901,0.6722222222222223,1.0,1,0.8549453387073992
-1,902,0.740909090909091,1.0,1,0.8062079522181139
-1,903,0.8761904761904762,1.0,1,0.9565912771023182
-1,904,0.9666666666666666,1.0,1,0.9896062251871525
-1,905,0.7087301587301587,1.0,1,0.8699594546339143
-1,906,0.9666666666666666,1.0,1,0.9896062251871525
-1,907,0.9666666666666666,1.0,1,0.9896062251871525
-1,908,0.8583333333333332,1.0,1,0.9505310077117098
-1,909,0.7944444444444445,1.0,1,0.9221235176732558
-1,910,0.925,1.0,1,0.975788054854922
-1,911,0.7892857142857141,1.0,1,0.9192613539759861
-1,912,0.9666666666666666,1.0,1,0.9896062251871525
-1,913,0.6961904761904762,1.0,1,0.8502983370860308
-1,914,0.835,1.0,1,0.9374130297304557
-1,915,0.6295238095238095,0.5,2,0.7486361493410438
-1,916,0.7544444444444445,1.0,1,0.888111130388384
-1,917,1.0,1.0,1,1.0
-1,918,1.0,1.0,1,1.0
-1,919,0.7592857142857143,1.0,1,0.9043980816456214
-1,920,0.925,1.0,1,0.975788054854922
-1,921,0.6961904761904762,1.0,1,0.8502983370860308
-1,922,1.0,1.0,1,1.0
-1,923,0.835,1.0,1,0.9374130297304557
-1,924,0.650952380952381,1.0,1,0.7529987871806382
-1,925,0.7051587301587301,1.0,1,0.8541058313273973
-1,926,1.0,1.0,1,1.0
-1,927,0.835,1.0,1,0.9374130297304557
-1,928,0.8766666666666667,1.0,1,0.9512312000626861
-1,929,0.9028571428571428,1.0,1,0.9669850519151657
-1,930,0.6783333333333332,1.0,1,0.8442380676954225
-1,931,0.7592857142857143,1.0,1,0.9043980816456214
-1,932,0.5509523809523809,0.5,2,0.6278248466415495
-1,933,0.8850324675324674,1.0,1,0.84860265890399
-1,934,0.86875,1.0,1,0.8909510095528638
-1,935,0.8388888888888889,1.0,1,0.8696762340896294
-1,936,0.9430122655122654,1.0,1,0.9216017310213245
-1,937,0.9674523007856342,1.0,1,0.9258513847149255
-1,938,0.9464285714285713,1.0,1,0.8701249883466594
-1,939,0.8290123456790124,1.0,1,0.8720721097395528
-1,940,0.9290262515262514,1.0,1,0.9216017310213245
-1,941,0.9202380952380953,1.0,1,0.9134627261980166
-1,942,0.7421900321900322,1.0,1,0.7027284035579431
-1,943,0.9353174603174602,1.0,1,0.866947989864271
-1,944,0.6263797313797315,1.0,1,0.5993294818993699
-1,945,1.0,1.0,1,1.0
-1,946,0.8552579365079365,1.0,1,0.9502236778911698
-1,947,0.948051948051948,1.0,1,0.9083745556952364
-1,948,0.9697979797979798,1.0,1,0.9305687780632227
-1,949,0.8897186147186147,1.0,1,0.8954707052463013
-1,950,0.8154212454212454,1.0,1,0.7670273914429263
-1,951,0.858213028801264,1.0,1,0.7885497208855956
-1,952,0.8952888777888778,1.0,1,0.84860265890399
-1,953,0.9809090909090908,1.0,1,0.933745776545611
-1,954,0.8328671328671328,1.0,1,0.7151857987862356
-1,955,0.8214285714285714,1.0,1,0.9331394899761783
-1,956,0.8660958485958484,1.0,1,0.8415908474314976
-1,957,0.8243578643578642,1.0,1,0.8165901947515998
-1,958,0.8845068511735179,1.0,1,0.9028667550142373
-1,959,0.8520408163265305,1.0,1,0.9498751896215565
-1,960,0.8938736263736263,1.0,1,0.8553475075669357
-1,961,0.6416666666666666,0.5,2,0.7574391522808002
-1,962,0.8635912698412698,1.0,1,0.8881917374298554
-1,963,0.7595238095238095,1.0,1,0.8886733622104971
-1,964,0.9769230769230769,1.0,1,0.9363792118010483
-1,965,0.9583333333333333,1.0,1,0.9202054614375519
-1,966,0.7582679738562091,1.0,1,0.7280855459907165
-1,967,0.87152133580705,1.0,1,0.8824642221139222
-1,968,0.525,0.5,2,0.6886007376100177
-1,969,0.906655844155844,1.0,1,0.7967610662472993
-1,970,0.9999999999999999,1.0,1,1.0
-1,971,0.6861904761904761,0.5,2,0.7738931964842559
-1,972,0.7833333333333332,1.0,1,0.9180654083817014
-1,973,0.9170113836780505,1.0,1,0.9100698716340226
-1,974,0.7683333333333333,1.0,1,0.8930068676327363
-1,975,1.0000000000000002,1.0,1,1.0
-1,976,0.9123595848595848,1.0,1,0.914856882358379
-1,977,0.7738095238095237,1.0,1,0.8971499994450843
-1,978,0.7753968253968253,1.0,1,0.9143656167316337
-1,979,0.8856261022927692,1.0,1,0.905869970447602
-1,980,0.8433333333333333,1.0,1,0.8539316501572936
-1,981,0.8684920634920635,1.0,1,0.8454256604216017
-1,982,0.9733333333333333,1.0,1,0.933745776545611
-1,983,1.0,1.0,1,1.0
-1,984,0.8666666666666667,1.0,1,0.9469024295259745
-1,985,0.7286935286935288,1.0,1,0.6992056376732811
-1,986,0.9351301476301476,1.0,1,0.8630152897016883
-1,987,0.8233621933621933,1.0,1,0.7631925784528222
-1,988,0.8954415954415955,1.0,1,0.8446905084406404
-1,989,0.7185569985569985,1.0,1,0.6722390270733756
-1,990,0.855906862745098,1.0,1,0.7967610662472993
-1,991,0.9909090909090909,1.0,1,0.9363792118010483
-1,992,0.7017957042957043,1.0,1,0.6363762929310754
-1,993,0.8612626262626262,1.0,1,0.8318477135310891
-1,994,0.662787256603046,1.0,1,0.5919268187287084
-1,995,0.8693578643578642,1.0,1,0.8414929602590189
-1,996,0.9165190365190364,1.0,1,0.8572048559638626
-1,997,0.9180555555555555,1.0,1,0.8630152897016883
-1,998,0.9443181818181817,1.0,1,0.8701249883466594
-1,999,0.7572718947718947,1.0,1,0.6780494608112012
-1,1000,0.7348512598512598,1.0,1,0.6717589890736099
